--Начальное наполнение справочника корреспондентов

--cmf_correspondent_common
INSERT INTO cmf_correspondent_common (id, comment, deleted, name, creation_time, last_modified_time, ts) VALUES ('id_correspondent_vnicsmv', NULL, false, 'ВНИЦСМВ, ФГУП', '2016-11-01 12:09:10', '2016-11-01 12:09:10', 1);
INSERT INTO cmf_correspondent_common (id, comment, deleted, name, creation_time, last_modified_time, ts) VALUES ('id_correspondent_engineeringcompany', NULL, false, '«ИНЖЕНЕРНАЯ КОМПАНИЯ», ООО', '2016-11-01 12:09:10', '2016-11-01 12:09:10', 2);
INSERT INTO cmf_correspondent_common (id, comment, deleted, name, creation_time, last_modified_time, ts) VALUES ('id_correspondent_croc', NULL, false, '«КРОК инкорпорейтед», ЗАО', '2019-01-28 14:59:33', '2019-01-28 14:59:33', 2);
INSERT INTO cmf_correspondent_common (id, comment, deleted, name, creation_time, last_modified_time, ts) VALUES ('id_correspondent_vyboichenko', NULL, false, 'Елена Выбойченко Ивановна', '2016-11-01 12:09:10', '2016-11-01 12:09:10', 1);
INSERT INTO cmf_correspondent_common (id, comment, deleted, name, creation_time, last_modified_time, ts) VALUES ('id_correspondent_demkov', NULL, false, 'Иван Демков Константинович', '2016-11-01 12:09:10', '2016-11-01 12:09:10', 1);

--cmf_correspondent_company
INSERT INTO cmf_correspondent_company (short_name,  id) VALUES ('Всероссийский Научно-Исследовательский Центр Стандартизации и Сертификации Сырья Материалов и Веществ', 'id_correspondent_vnicsmv');
INSERT INTO cmf_correspondent_company (short_name,  id) VALUES ('ООО «ИНЖЕНЕРНАЯ КОМПАНИЯ»', 'id_correspondent_engineeringcompany');
INSERT INTO cmf_correspondent_company (short_name, id) VALUES ('КРОК', 'id_correspondent_croc');

--cmf_correspondent_companyperson
INSERT INTO cmf_correspondent_companyperson (department, first_name, patronymic, position, second_name, id, parent_id, is_primary) VALUES (NULL, 'Елена', 'Ивановна', 'Первый заместитель Директора ФГУП', 'Выбойченко', 'id_correspondent_vyboichenko', 'id_correspondent_vnicsmv', true);

--cmf_correspondent_person
INSERT INTO cmf_correspondent_person (first_name, patronymic, second_name, id) VALUES ('Иван', 'Константинович', 'Демков', 'id_correspondent_demkov');

--cmf_correspondentcontact
INSERT INTO cmf_correspondentcontact (id, dtype, comment, deleted, name, is_primary, creation_time, last_modified_time, ts, contact_kind_id, contact_type_id, correspondent_id) VALUES ('id_contact_croc_email', 'default', NULL, false, 'info@croc.ru', true, '2019-01-28 15:10:11', '2019-01-28 15:10:11', 2, 'id_correspondent_contact_kind_work', 'id_correspondent_contact_type_email', 'id_correspondent_croc');
INSERT INTO cmf_correspondentcontact (id, dtype, comment, deleted, name, is_primary, creation_time, last_modified_time, ts, contact_kind_id, contact_type_id, correspondent_id) VALUES ('id_contact_croc_address', 'address', NULL, false, 'ул. Волочаевская, д. 5, корп. 1, г. Москва, Российская Федерация, 111033', false, '2019-01-28 15:13:10', '2019-01-28 15:13:10', 2, 'id_correspondent_contact_kind_mail', 'id_correspondent_contact_type_address', 'id_correspondent_croc');
INSERT INTO cmf_correspondentcontact (id, dtype, comment, deleted, name, is_primary, creation_time, last_modified_time, ts, contact_kind_id, contact_type_id, correspondent_id) VALUES ('id_contact_croc_phone1', 'default', NULL, false, '+7 (495) 974-22-74', true, '2019-01-28 15:20:33', '2019-01-28 15:20:33', 2, 'id_correspondent_contact_kind_work', 'id_correspondent_contact_type_phone', 'id_correspondent_croc');
INSERT INTO cmf_correspondentcontact (id, dtype, comment, deleted, name, is_primary, creation_time, last_modified_time, ts, contact_kind_id, contact_type_id, correspondent_id) VALUES ('id_contact_croc_phone2', 'default', NULL, false, '+7 (495) 797-47-99', false, '2019-01-28 15:22:51', '2019-01-28 15:22:51', 2, 'id_correspondent_contact_kind_work', 'id_correspondent_contact_type_phone', 'id_correspondent_croc');
INSERT INTO cmf_correspondentcontact (id, dtype, comment, deleted, name, is_primary, creation_time, last_modified_time, ts, contact_kind_id, contact_type_id, correspondent_id) VALUES ('id_contact_croc_fax', 'default', NULL, false, '+7 (495) 974-22-77', false, '2019-01-28 15:30:15', '2019-01-28 15:30:15', 2, 'id_correspondent_contact_kind_work', 'id_correspondent_contact_type_fax', 'id_correspondent_croc');
INSERT INTO cmf_correspondentcontact (id, dtype, comment, deleted, name, is_primary, creation_time, last_modified_time, ts, contact_kind_id, contact_type_id, correspondent_id) VALUES ('id_contact_croc_url', 'default', NULL, false, 'https://www.croc.ru/', false, '2019-01-28 15:35:44', '2019-01-28 15:35:44', 2, 'id_correspondent_contact_kind_work', 'id_correspondent_contact_type_url', 'id_correspondent_croc');
INSERT INTO cmf_correspondentcontact (id, dtype, comment, deleted, name, is_primary, creation_time, last_modified_time, ts, contact_kind_id, contact_type_id, correspondent_id) VALUES ('id_contact_vnicsmv_address', 'address', NULL, false, 'Нахимовский проспект, д. 31, г. Москва, Российская Федерация, 117418', true, '2016-11-01 12:09:10', '2016-11-01 12:09:10', 1, 'id_correspondent_contact_kind_other', 'id_correspondent_contact_type_address', 'id_correspondent_vnicsmv');
INSERT INTO cmf_correspondentcontact (id, dtype, comment, deleted, name, is_primary, creation_time, last_modified_time, ts, contact_kind_id, contact_type_id, correspondent_id) VALUES ('id_contact_vnicsmv_fax', 'default', NULL, false, '7-495-5437263', true, '2016-11-01 12:09:10', '2016-11-01 12:09:10', 1, 'id_correspondent_contact_kind_work', 'id_correspondent_contact_type_fax', 'id_correspondent_vnicsmv');
INSERT INTO cmf_correspondentcontact (id, dtype, comment, deleted, name, is_primary, creation_time, last_modified_time, ts, contact_kind_id, contact_type_id, correspondent_id) VALUES ('id_contact_vyboichenko_email', 'default', NULL, false, 'EIVyboichenko@vnicsmv.ru', true, '2016-11-01 12:09:10', '2016-11-01 12:09:10', 1, 'id_correspondent_contact_kind_work', 'id_correspondent_contact_type_email', 'id_correspondent_vyboichenko');
INSERT INTO cmf_correspondentcontact (id, dtype, comment, deleted, name, is_primary, creation_time, last_modified_time, ts, contact_kind_id, contact_type_id, correspondent_id) VALUES ('id_contact_demkov_office', 'address', NULL, false, 'ул. Ленина, д. 17/3-оф. 83, г. Свободный, обл. Амурская, Российская Федерация, 676450', false, '2016-11-01 12:09:10', '2016-11-01 12:09:10', 2, 'id_correspondent_contact_kind_work', 'id_correspondent_contact_type_address', 'id_correspondent_demkov');
INSERT INTO cmf_correspondentcontact (id, dtype, comment, deleted, name, is_primary, creation_time, last_modified_time, ts, contact_kind_id, contact_type_id, correspondent_id) VALUES ('id_contact_demkov_address', 'address', NULL, false, 'Ленина, д. 17/3-кв. 83, г. Свободный, обл. Амурская, Российская Федерация, 676450', true, '2016-11-01 12:09:10', '2016-11-01 12:09:10', 2, 'id_correspondent_contact_kind_other', 'id_correspondent_contact_type_address', 'id_correspondent_demkov');
INSERT INTO cmf_correspondentcontact (id, dtype, comment, deleted, name, is_primary, creation_time, last_modified_time, ts, contact_kind_id, contact_type_id, correspondent_id) VALUES ('id_contact_engineeringcompany_address', 'address', NULL, false, 'ул. Кронштадтская, д. 11А-оф. 305А, г. Санкт-Петербург, Российская Федерация, 198694', true, '2016-11-01 12:09:10', '2016-11-01 12:09:10', 2, 'id_correspondent_contact_kind_other', 'id_correspondent_contact_type_address', 'id_correspondent_engineeringcompany');
INSERT INTO cmf_correspondentcontact (id, dtype, comment, deleted, name, is_primary, creation_time, last_modified_time, ts, contact_kind_id, contact_type_id, correspondent_id) VALUES ('id_contact_engineeringcompany_address_2', 'address', NULL, false, 'ул. Барочная, д. 17-оф. 1, г. Санкт-Петербург, Российская Федерация, 197022', false, '2016-11-01 12:09:10', '2016-11-01 12:09:10', 2, 'id_correspondent_contact_kind_other', 'id_correspondent_contact_type_address', 'id_correspondent_engineeringcompany');
INSERT INTO cmf_correspondentcontact (id, dtype, comment, deleted, name, is_primary, creation_time, last_modified_time, ts, contact_kind_id, contact_type_id, correspondent_id) VALUES ('id_contact_engineeringcompany_email', 'default', NULL, false, 'info@inzhcomp.ru', true, '2016-11-01 12:09:10', '2016-11-01 12:09:10', 2, 'id_correspondent_contact_kind_other', 'id_correspondent_contact_type_email', 'id_correspondent_engineeringcompany');
INSERT INTO cmf_correspondentcontact (id, dtype, comment, deleted, name, is_primary, creation_time, last_modified_time, ts, contact_kind_id, contact_type_id, correspondent_id) VALUES ('id_contact_engineeringcompany_email_2', 'default', NULL, false, 'IvanovII@inzhcomp.ru', false, '2016-11-01 12:09:10', '2016-11-01 12:09:10', 2, 'id_correspondent_contact_kind_other', 'id_correspondent_contact_type_email', 'id_correspondent_engineeringcompany');

--cmf_correspondentaddress
INSERT INTO cmf_correspondentaddress (appartment, building, city, country, postal_code, region, street, subregion, id) VALUES (NULL, 'д. 5, корп. 1', 'г. Москва', 'Российская Федерация', '111033', NULL, 'ул. Волочаевская', NULL, 'id_contact_croc_address');
INSERT INTO cmf_correspondentaddress (appartment, building, city, country, postal_code, region, street, subregion, id) VALUES ('оф. 305А', 'д. 11А', 'г. Санкт-Петербург', 'Российская Федерация', '198694', NULL, 'ул. Кронштадтская', NULL, 'id_contact_engineeringcompany_address');
INSERT INTO cmf_correspondentaddress (appartment, building, city, country, postal_code, region, street, subregion, id) VALUES ('оф. 1', 'д. 17', 'г. Санкт-Петербург', 'Российская Федерация', '197022', NULL, 'ул. Барочная', NULL, 'id_contact_engineeringcompany_address_2');
INSERT INTO cmf_correspondentaddress (appartment, building, city, country, postal_code, region, street, subregion, id) VALUES (NULL, 'д. 31', 'г. Москва', 'Российская Федерация', '117418', NULL, 'Нахимовский проспект', NULL, 'id_contact_vnicsmv_address');
INSERT INTO cmf_correspondentaddress (appartment, building, city, country, postal_code, region, street, subregion, id) VALUES ('оф. 83', 'д. 17/3', 'г. Свободный', 'Российская Федерация', '676450', 'обл. Амурская', 'ул. Ленина', NULL, 'id_contact_demkov_office');
INSERT INTO cmf_correspondentaddress (appartment, building, city, country, postal_code, region, street, subregion, id) VALUES ('кв. 83', 'д. 17/3', 'г. Свободный', 'Российская Федерация', '676450', 'обл. Амурская', 'Ленина', NULL, 'id_contact_demkov_address');

--cmf_correspondentcontactdefault
INSERT INTO cmf_correspondentcontactdefault (id) VALUES ('id_contact_croc_email');
INSERT INTO cmf_correspondentcontactdefault (id) VALUES ('id_contact_croc_phone1');
INSERT INTO cmf_correspondentcontactdefault (id) VALUES ('id_contact_croc_phone2');
INSERT INTO cmf_correspondentcontactdefault (id) VALUES ('id_contact_croc_fax');
INSERT INTO cmf_correspondentcontactdefault (id) VALUES ('id_contact_croc_url');
INSERT INTO cmf_correspondentcontactdefault (id) VALUES ('id_contact_vnicsmv_fax');
INSERT INTO cmf_correspondentcontactdefault (id) VALUES ('id_contact_vyboichenko_email');
INSERT INTO cmf_correspondentcontactdefault (id) VALUES ('id_contact_engineeringcompany_email');
INSERT INTO cmf_correspondentcontactdefault (id) VALUES ('id_contact_engineeringcompany_email_2');