--Скрипт начального наполнения справочника организационной структуры

--Записи для удобства разработки (ООО РиК)
INSERT INTO cmf_abstract_orgstructure_element (id, deleted, name, creation_time, last_modified_time, ts) VALUES ('id_org_structure_headspecialist', FALSE, 'Ведущий специалист', '2016-11-01 12:09:17', '2016-10-17 12:09:17', 1);
INSERT INTO cmf_abstract_orgstructure_element (id, deleted, name, creation_time, last_modified_time, ts) VALUES ('id_org_structure_petrov', FALSE, 'Петров Петр Петрович', '2016-11-01 12:09:17', '2016-10-17 12:09:17', 1);
INSERT INTO cmf_abstract_orgstructure_element (id, deleted, name, creation_time, last_modified_time, ts) VALUES ('id_org_structure_headofdepartment', FALSE, 'Начальник отдела', '2016-11-01 12:09:17', '2016-10-17 12:09:17', 1);
INSERT INTO cmf_abstract_orgstructure_element (id, deleted, name, creation_time, last_modified_time, ts) VALUES ('id_org_structure_ivanov', FALSE, 'Иванов Иван Иванович', '2016-11-01 12:09:17', '2016-10-17 12:09:17', 1);
INSERT INTO cmf_abstract_orgstructure_element (id, deleted, name, creation_time, last_modified_time, ts) VALUES ('id_org_structure_root_element', FALSE, 'root', '2016-11-01 12:09:17', '2016-10-17 12:09:17', 1);
INSERT INTO cmf_abstract_orgstructure_element (id, deleted, name, creation_time, last_modified_time, ts) VALUES ('id_org_structure_ooorik', FALSE, 'OOO РиК', '2016-11-01 12:09:17', '2016-10-17 12:09:17', 1);
INSERT INTO cmf_abstract_orgstructure_element (id, deleted, name, creation_time, last_modified_time, ts) VALUES ('id_org_structure_ozr', FALSE, 'ОЗР', '2016-11-01 12:09:17', '2016-10-17 12:09:17', 2);
INSERT INTO cmf_abstract_orgstructure_element (id, deleted, name, creation_time, last_modified_time, ts) VALUES ('id_org_structure_ozk', FALSE, 'ОЗК', '2016-11-01 12:09:17', '2016-10-17 12:09:17', 2);


INSERT INTO cmf_department (id, code, full_name, reference_number, head_of_unit_id, parent_id) VALUES ('id_org_structure_root_element', 'root_code', 'root_name', null, null, 'id_org_structure_root_element');
INSERT INTO cmf_department (id, code, full_name, reference_number, head_of_unit_id, parent_id) VALUES ('id_org_structure_ooorik', 'horns_and_hooves', 'OOO Рога и Копыта', null, null, 'id_org_structure_root_element');
INSERT INTO cmf_department (id, code, full_name, reference_number, head_of_unit_id, parent_id) VALUES ('id_org_structure_ozk', 'hooves_harvesting_department', 'Отдел по заготовке копыт', null, null, 'id_org_structure_ooorik');
INSERT INTO cmf_department (id, code, full_name, reference_number, head_of_unit_id, parent_id) VALUES ('id_org_structure_ozr', 'horns_harvesting_department', 'Отдел по заготовке рогов', null, null, 'id_org_structure_ooorik');

INSERT INTO cmf_org_structure_root_element (id) VALUES ('id_org_structure_root_element');

INSERT INTO cmf_company (id, apartment, building, city, country, email, fax, postal_code, region, street, subregion) VALUES ('id_org_structure_ooorik','1','2','Test city', 'Test country', 'test@test.test', '1234567', '123456', 'Test region', 'Test street', null);

INSERT INTO cmf_position (id, parent_id, position_description_id) VALUES ('id_org_structure_headofdepartment', 'id_org_structure_ozk', 'id_PositionDescription_DepartmentChief');
INSERT INTO cmf_position (id, parent_id, position_description_id) VALUES ('id_org_structure_headspecialist', 'id_org_structure_ozr', 'id_PositionDescription_SeniorSpecialist');

INSERT INTO cmf_employee_position (id, employee_id, parent_id) VALUES ('id_org_structure_ivanov', 'employee1', 'id_org_structure_headofdepartment');
INSERT INTO cmf_employee_position (id, employee_id, parent_id) VALUES ('id_org_structure_petrov', 'employee2', 'id_org_structure_headspecialist');

INSERT INTO cmf_org_structure_child_to_parents (child_id, parent_id) VALUES ('id_org_structure_ozk', 'id_org_structure_ozk');
INSERT INTO cmf_org_structure_child_to_parents (child_id, parent_id) VALUES ('id_org_structure_ozk', 'id_org_structure_ooorik');
INSERT INTO cmf_org_structure_child_to_parents (child_id, parent_id) VALUES ('id_org_structure_ooorik', 'id_org_structure_ooorik');
INSERT INTO cmf_org_structure_child_to_parents (child_id, parent_id) VALUES ('id_org_structure_ivanov', 'id_org_structure_ozk');
INSERT INTO cmf_org_structure_child_to_parents (child_id, parent_id) VALUES ('id_org_structure_ivanov', 'id_org_structure_ooorik');
INSERT INTO cmf_org_structure_child_to_parents (child_id, parent_id) VALUES ('id_org_structure_ivanov', 'id_org_structure_ivanov');
INSERT INTO cmf_org_structure_child_to_parents (child_id, parent_id) VALUES ('id_org_structure_ivanov', 'id_org_structure_headofdepartment');
INSERT INTO cmf_org_structure_child_to_parents (child_id, parent_id) VALUES ('id_org_structure_petrov', 'id_org_structure_ooorik');
INSERT INTO cmf_org_structure_child_to_parents (child_id, parent_id) VALUES ('id_org_structure_petrov', 'id_org_structure_petrov');
INSERT INTO cmf_org_structure_child_to_parents (child_id, parent_id) VALUES ('id_org_structure_petrov', 'id_org_structure_ozr');
INSERT INTO cmf_org_structure_child_to_parents (child_id, parent_id) VALUES ('id_org_structure_petrov', 'id_org_structure_headspecialist');
INSERT INTO cmf_org_structure_child_to_parents (child_id, parent_id) VALUES ('id_org_structure_ozr', 'id_org_structure_ooorik');
INSERT INTO cmf_org_structure_child_to_parents (child_id, parent_id) VALUES ('id_org_structure_ozr', 'id_org_structure_ozr');
INSERT INTO cmf_org_structure_child_to_parents (child_id, parent_id) VALUES ('id_org_structure_headspecialist', 'id_org_structure_ooorik');
INSERT INTO cmf_org_structure_child_to_parents (child_id, parent_id) VALUES ('id_org_structure_headspecialist', 'id_org_structure_ozr');
INSERT INTO cmf_org_structure_child_to_parents (child_id, parent_id) VALUES ('id_org_structure_headspecialist', 'id_org_structure_headspecialist');
INSERT INTO cmf_org_structure_child_to_parents (child_id, parent_id) VALUES ('id_org_structure_headofdepartment', 'id_org_structure_ozk');
INSERT INTO cmf_org_structure_child_to_parents (child_id, parent_id) VALUES ('id_org_structure_headofdepartment', 'id_org_structure_ooorik');
INSERT INTO cmf_org_structure_child_to_parents (child_id, parent_id) VALUES ('id_org_structure_headofdepartment', 'id_org_structure_headofdepartment');

--Начальное наполнение

--cmf_abstract_org_structure_element
INSERT INTO cmf_abstract_orgstructure_element (id, deleted, name, creation_time, last_modified_time, ts) VALUES ('id_orgstructure_tcr_transcapitalrazvitie', FALSE, 'ТрансКапиталРазвитие', '2016-11-01 12:09:17', '2016-10-17 12:09:17', 1);
INSERT INTO cmf_abstract_orgstructure_element (id, deleted, name, creation_time, last_modified_time, ts) VALUES ('id_orgstructure_tcr_administration', FALSE, 'Руководство', '2016-11-01 12:09:17', '2016-10-17 12:09:17', 1);
INSERT INTO cmf_abstract_orgstructure_element (id, deleted, name, creation_time, last_modified_time, ts) VALUES ('id_orgstructure_tcr_gendir_assistants', FALSE, 'Аппарат управления Генерального директора', '2016-11-01 12:09:17', '2016-10-17 12:09:17', 1);
INSERT INTO cmf_abstract_orgstructure_element (id, deleted, name, creation_time, last_modified_time, ts) VALUES ('id_orgstructure_tcr_corporate_politics_department', FALSE, 'Департамент корпоративной политики', '2016-11-01 12:09:17', '2016-10-17 12:09:17', 1);
INSERT INTO cmf_abstract_orgstructure_element (id, deleted, name, creation_time, last_modified_time, ts) VALUES ('id_orgstructure_tcr_economical_security_department', FALSE, 'Департамент экономической безопасности', '2016-11-01 12:09:17', '2016-10-17 12:09:17', 1);
INSERT INTO cmf_abstract_orgstructure_element (id, deleted, name, creation_time, last_modified_time, ts) VALUES ('id_orgstructure_tcr_it_department', FALSE, 'Департамент информационных технологий', '2016-11-01 12:09:17', '2016-10-17 12:09:17', 1);
INSERT INTO cmf_abstract_orgstructure_element (id, deleted, name, creation_time, last_modified_time, ts) VALUES ('id_orgstructure_tcr_financial_department', FALSE, 'Финансово-экономический департамент', '2016-11-01 12:09:17', '2016-10-17 12:09:17', 1);
INSERT INTO cmf_abstract_orgstructure_element (id, deleted, name, creation_time, last_modified_time, ts) VALUES ('id_orgstructure_tcr_legal_department', FALSE, 'Департамент правового обеспечения', '2016-11-01 12:09:17', '2016-10-17 12:09:17', 1);
INSERT INTO cmf_abstract_orgstructure_element (id, deleted, name, creation_time, last_modified_time, ts) VALUES ('id_orgstructure_tcr_gendir', FALSE, 'Генеральный директор', '2016-11-01 12:09:17', '2016-10-17 12:09:17', 2);
INSERT INTO cmf_abstract_orgstructure_element (id, deleted, name, creation_time, last_modified_time, ts) VALUES ('id_orgstructure_tcr_deputygendir', FALSE, 'Заместитель Генерального директора', '2016-11-01 12:09:17', '2016-10-17 12:09:17', 2);
INSERT INTO cmf_abstract_orgstructure_element (id, deleted, name, creation_time, last_modified_time, ts) VALUES ('id_orgstructure_tcr_gendirassistant', FALSE, 'Помощник Генерального директора', '2016-11-01 12:09:17', '2016-10-17 12:09:17', 2);
INSERT INTO cmf_abstract_orgstructure_element (id, deleted, name, creation_time, last_modified_time, ts) VALUES ('id_orgstructure_tcr_gendiradvisor', FALSE, 'Советник Генерального директора', '2016-11-01 12:09:17', '2016-10-17 12:09:17', 2);
INSERT INTO cmf_abstract_orgstructure_element (id, deleted, name, creation_time, last_modified_time, ts) VALUES ('id_orgstructure_tcr_secretary_department', FALSE, 'Секретариат', '2016-11-01 12:09:17', '2016-10-17 12:09:17', 1);
INSERT INTO cmf_abstract_orgstructure_element (id, deleted, name, creation_time, last_modified_time, ts) VALUES ('id_orgstructure_tcr_secretaryreferent', FALSE, 'Секретарь-референт', '2016-11-01 12:09:17', '2016-10-17 12:09:17', 2);
INSERT INTO cmf_abstract_orgstructure_element (id, deleted, name, creation_time, last_modified_time, ts) VALUES ('id_orgstructure_tcr_corporate_management_department', FALSE, 'Отдел корпоративного управления', '2016-11-01 12:09:17', '2016-10-17 12:09:17', 2);
INSERT INTO cmf_abstract_orgstructure_element (id, deleted, name, creation_time, last_modified_time, ts) VALUES ('id_orgstructure_tcr_asset_management_department', FALSE, 'Отдел управления имуществом', '2016-11-01 12:09:17', '2016-10-17 12:09:17', 1);
INSERT INTO cmf_abstract_orgstructure_element (id, deleted, name, creation_time, last_modified_time, ts) VALUES ('id_orgstructure_tcr_specialist1', FALSE, 'Специалист', '2016-11-01 12:09:17', '2016-10-17 12:09:17', 3);
INSERT INTO cmf_abstract_orgstructure_element (id, deleted, name, creation_time, last_modified_time, ts) VALUES ('id_orgstructure_tcr_specialist2', FALSE, 'Специалист', '2016-11-01 12:09:17', '2016-10-17 12:09:17', 2);
INSERT INTO cmf_abstract_orgstructure_element (id, deleted, name, creation_time, last_modified_time, ts) VALUES ('id_orgstructure_tcr_it_security_department', FALSE, 'Отдел информационной безопасности', '2016-11-01 12:09:17', '2016-10-17 12:09:17', 1);
INSERT INTO cmf_abstract_orgstructure_element (id, deleted, name, creation_time, last_modified_time, ts) VALUES ('id_orgstructure_tcr_expert1', FALSE, 'Эксперт', '2016-11-01 12:09:17', '2016-10-17 12:09:17', 3);
INSERT INTO cmf_abstract_orgstructure_element (id, deleted, name, creation_time, last_modified_time, ts) VALUES ('id_orgstructure_tcr_expert2', FALSE, 'Эксперт', '2016-11-01 12:09:17', '2016-10-17 12:09:17', 2);
INSERT INTO cmf_abstract_orgstructure_element (id, deleted, name, creation_time, last_modified_time, ts) VALUES ('id_orgstructure_tcr_business_security_department', FALSE, 'Отдел защиты бизнеса', '2016-11-01 12:09:17', '2016-10-17 12:09:17', 1);
INSERT INTO cmf_abstract_orgstructure_element (id, deleted, name, creation_time, last_modified_time, ts) VALUES ('id_orgstructure_tcr_it_provision_department', FALSE, 'Отдел информационного обеспечения', '2016-11-01 12:09:17', '2016-10-17 12:09:17', 1);
INSERT INTO cmf_abstract_orgstructure_element (id, deleted, name, creation_time, last_modified_time, ts) VALUES ('id_orgstructure_tcr_seniorspecialist', FALSE, 'Ведущий специалист', '2016-11-01 12:09:17', '2016-10-17 12:09:17', 2);
INSERT INTO cmf_abstract_orgstructure_element (id, deleted, name, creation_time, last_modified_time, ts) VALUES ('id_orgstructure_tcr_rnd_department', FALSE, 'Отдел научно-технических исследований', '2016-11-01 12:09:17', '2016-10-17 12:09:17', 1);
INSERT INTO cmf_abstract_orgstructure_element (id, deleted, name, creation_time, last_modified_time, ts) VALUES ('id_orgstructure_tcr_seniorengineer', FALSE, 'Ведущий инженер', '2016-11-01 12:09:17', '2016-10-17 12:09:17', 2);
INSERT INTO cmf_abstract_orgstructure_element (id, deleted, name, creation_time, last_modified_time, ts) VALUES ('id_orgstructure_tcr_financialdirector', FALSE, 'Финансовый директор', '2016-11-01 12:09:17', '2016-10-17 12:09:17', 2);
INSERT INTO cmf_abstract_orgstructure_element (id, deleted, name, creation_time, last_modified_time, ts) VALUES ('id_orgstructure_tcr_accounting_department', FALSE, 'Отдел бухгалтерского учета и отчетности', '2016-11-01 12:09:17', '2016-10-17 12:09:17', 1);
INSERT INTO cmf_abstract_orgstructure_element (id, deleted, name, creation_time, last_modified_time, ts) VALUES ('id_orgstructure_tcr_head_accountant', FALSE, 'Главный бухгалтер', '2016-11-01 12:09:17', '2016-10-17 12:09:17', 2);
INSERT INTO cmf_abstract_orgstructure_element (id, deleted, name, creation_time, last_modified_time, ts) VALUES ('id_orgstructure_tcr_accountant', FALSE, 'Бухгалтер', '2016-11-01 12:09:17', '2016-10-17 12:09:17', 2);
INSERT INTO cmf_abstract_orgstructure_element (id, deleted, name, creation_time, last_modified_time, ts) VALUES ('id_orgstructure_tcr_economical_analysis_department', FALSE, 'Отдел экономического анализа', '2016-11-01 12:09:17', '2016-10-17 12:09:17', 1);
INSERT INTO cmf_abstract_orgstructure_element (id, deleted, name, creation_time, last_modified_time, ts) VALUES ('id_orgstructure_tcr_headspecialist1', FALSE, 'Главный специалист', '2016-11-01 12:09:17', '2016-10-17 12:09:17', 6);
INSERT INTO cmf_abstract_orgstructure_element (id, deleted, name, creation_time, last_modified_time, ts) VALUES ('id_orgstructure_tcr_headspecialist2', FALSE, 'Главный специалист', '2016-11-01 12:09:17', '2016-10-17 12:09:17', 5);
INSERT INTO cmf_abstract_orgstructure_element (id, deleted, name, creation_time, last_modified_time, ts) VALUES ('id_orgstructure_tcr_headspecialist3', FALSE, 'Главный специалист', '2016-11-01 12:09:17', '2016-10-17 12:09:17', 4);
INSERT INTO cmf_abstract_orgstructure_element (id, deleted, name, creation_time, last_modified_time, ts) VALUES ('id_orgstructure_tcr_headspecialist4', FALSE, 'Главный специалист', '2016-11-01 12:09:17', '2016-10-17 12:09:17', 3);
INSERT INTO cmf_abstract_orgstructure_element (id, deleted, name, creation_time, last_modified_time, ts) VALUES ('id_orgstructure_tcr_headspecialist5', FALSE, 'Главный специалист', '2016-11-01 12:09:17', '2016-10-17 12:09:17', 2);
INSERT INTO cmf_abstract_orgstructure_element (id, deleted, name, creation_time, last_modified_time, ts) VALUES ('id_orgstructure_tcr_headofdepartment1', FALSE, 'Директор департамента', '2016-11-01 12:09:17', '2016-10-17 12:09:17', 5);
INSERT INTO cmf_abstract_orgstructure_element (id, deleted, name, creation_time, last_modified_time, ts) VALUES ('id_orgstructure_tcr_headofdepartment2', FALSE, 'Директор департамента', '2016-11-01 12:09:17', '2016-10-17 12:09:17', 4);
INSERT INTO cmf_abstract_orgstructure_element (id, deleted, name, creation_time, last_modified_time, ts) VALUES ('id_orgstructure_tcr_headofdepartment3', FALSE, 'Директор департамента', '2016-11-01 12:09:17', '2016-10-17 12:09:17', 3);
INSERT INTO cmf_abstract_orgstructure_element (id, deleted, name, creation_time, last_modified_time, ts) VALUES ('id_orgstructure_tcr_headofdepartment4', FALSE, 'Директор департамента', '2016-11-01 12:09:17', '2016-10-17 12:09:17', 2);
INSERT INTO cmf_abstract_orgstructure_element (id, deleted, name, creation_time, last_modified_time, ts) VALUES ('id_orgstructure_tcr_secretary1', FALSE, 'Секретарь', '2016-11-01 12:09:17', '2016-10-17 12:09:17', 6);
INSERT INTO cmf_abstract_orgstructure_element (id, deleted, name, creation_time, last_modified_time, ts) VALUES ('id_orgstructure_tcr_secretary2', FALSE, 'Секретарь', '2016-11-01 12:09:17', '2016-10-17 12:09:17', 5);
INSERT INTO cmf_abstract_orgstructure_element (id, deleted, name, creation_time, last_modified_time, ts) VALUES ('id_orgstructure_tcr_secretary3', FALSE, 'Секретарь', '2016-11-01 12:09:17', '2016-10-17 12:09:17', 4);
INSERT INTO cmf_abstract_orgstructure_element (id, deleted, name, creation_time, last_modified_time, ts) VALUES ('id_orgstructure_tcr_secretary4', FALSE, 'Секретарь', '2016-11-01 12:09:17', '2016-10-17 12:09:17', 3);
INSERT INTO cmf_abstract_orgstructure_element (id, deleted, name, creation_time, last_modified_time, ts) VALUES ('id_orgstructure_tcr_secretary5', FALSE, 'Секретарь', '2016-11-01 12:09:17', '2016-10-17 12:09:17', 2);
INSERT INTO cmf_abstract_orgstructure_element (id, deleted, name, creation_time, last_modified_time, ts) VALUES ('id_orgstructure_tcr_legal_expertise_department', FALSE, 'Отдел правовой экспертизы', '2016-11-01 12:09:17', '2016-10-17 12:09:17', 1);
INSERT INTO cmf_abstract_orgstructure_element (id, deleted, name, creation_time, last_modified_time, ts) VALUES ('id_orgstructure_tcr_headofunit1', FALSE, 'Начальник отдела', '2016-11-01 12:09:17', '2016-10-17 12:09:17', 9);
INSERT INTO cmf_abstract_orgstructure_element (id, deleted, name, creation_time, last_modified_time, ts) VALUES ('id_orgstructure_tcr_headofunit2', FALSE, 'Начальник отдела', '2016-11-01 12:09:17', '2016-10-17 12:09:17', 8);
INSERT INTO cmf_abstract_orgstructure_element (id, deleted, name, creation_time, last_modified_time, ts) VALUES ('id_orgstructure_tcr_headofunit3', FALSE, 'Начальник отдела', '2016-11-01 12:09:17', '2016-10-17 12:09:17', 7);
INSERT INTO cmf_abstract_orgstructure_element (id, deleted, name, creation_time, last_modified_time, ts) VALUES ('id_orgstructure_tcr_headofunit4', FALSE, 'Начальник отдела', '2016-11-01 12:09:17', '2016-10-17 12:09:17', 6);
INSERT INTO cmf_abstract_orgstructure_element (id, deleted, name, creation_time, last_modified_time, ts) VALUES ('id_orgstructure_tcr_headofunit5', FALSE, 'Начальник отдела', '2016-11-01 12:09:17', '2016-10-17 12:09:17', 5);
INSERT INTO cmf_abstract_orgstructure_element (id, deleted, name, creation_time, last_modified_time, ts) VALUES ('id_orgstructure_tcr_headofunit6', FALSE, 'Начальник отдела', '2016-11-01 12:09:17', '2016-10-17 12:09:17', 4);
INSERT INTO cmf_abstract_orgstructure_element (id, deleted, name, creation_time, last_modified_time, ts) VALUES ('id_orgstructure_tcr_headofunit7', FALSE, 'Начальник отдела', '2016-11-01 12:09:17', '2016-10-17 12:09:17', 3);
INSERT INTO cmf_abstract_orgstructure_element (id, deleted, name, creation_time, last_modified_time, ts) VALUES ('id_orgstructure_tcr_headofunit8', FALSE, 'Начальник отдела', '2016-11-01 12:09:17', '2016-10-17 12:09:17', 2);
INSERT INTO cmf_abstract_orgstructure_element (id, deleted, name, creation_time, last_modified_time, ts) VALUES ('id_orgstructure_tcr_lawyer', FALSE, 'Юрист', '2016-11-01 12:09:17', '2016-10-17 12:09:17', 2);
INSERT INTO cmf_abstract_orgstructure_element (id, deleted, name, creation_time, last_modified_time, ts) VALUES ('id_orgstructure_tcr_karpov', FALSE, 'Карпов Станислав Макарович', '2016-11-01 12:09:17', '2016-10-17 12:09:17', 2);
INSERT INTO cmf_abstract_orgstructure_element (id, deleted, name, creation_time, last_modified_time, ts) VALUES ('id_orgstructure_tcr_kirillova', FALSE, 'Кириллова Ксения Борисовна', '2016-11-01 12:09:17', '2016-10-17 12:09:17', 2);
INSERT INTO cmf_abstract_orgstructure_element (id, deleted, name, creation_time, last_modified_time, ts) VALUES ('id_orgstructure_tcr_maslova', FALSE, 'Маслова Евдокия Ростиславовна', '2016-11-01 12:09:17', '2016-10-17 12:09:17', 2);
INSERT INTO cmf_abstract_orgstructure_element (id, deleted, name, creation_time, last_modified_time, ts) VALUES ('id_orgstructure_tcr_muhina', FALSE, 'Мухина Вера Матвеевна', '2016-11-01 12:09:17', '2016-10-17 12:09:17', 2);
INSERT INTO cmf_abstract_orgstructure_element (id, deleted, name, creation_time, last_modified_time, ts) VALUES ('id_orgstructure_tcr_zaicev', FALSE, 'Зайцев Еремей Святославович', '2016-11-01 12:09:17', '2016-10-17 12:09:17', 2);
INSERT INTO cmf_abstract_orgstructure_element (id, deleted, name, creation_time, last_modified_time, ts) VALUES ('id_orgstructure_tcr_fedoseeva', FALSE, 'Федосеева Оксана Куприяновна', '2016-11-01 12:09:17', '2016-10-17 12:09:17', 2);
INSERT INTO cmf_abstract_orgstructure_element (id, deleted, name, creation_time, last_modified_time, ts) VALUES ('id_orgstructure_tcr_zaharova', FALSE, 'Захарова Оксана Данииловна', '2016-11-01 12:09:17', '2016-10-17 12:09:17', 2);
INSERT INTO cmf_abstract_orgstructure_element (id, deleted, name, creation_time, last_modified_time, ts) VALUES ('id_orgstructure_tcr_ustinov', FALSE, 'Устинов Тихон Мартынович', '2016-11-01 12:09:17', '2016-10-17 12:09:17', 2);
INSERT INTO cmf_abstract_orgstructure_element (id, deleted, name, creation_time, last_modified_time, ts) VALUES ('id_orgstructure_tcr_turov', FALSE, 'Туров Эдуард Германович', '2016-11-01 12:09:17', '2016-10-17 12:09:17', 2);
INSERT INTO cmf_abstract_orgstructure_element (id, deleted, name, creation_time, last_modified_time, ts) VALUES ('id_orgstructure_tcr_komarov', FALSE, 'Комаров Василий Мэлсович', '2016-11-01 12:09:17', '2016-10-17 12:09:17', 2);
INSERT INTO cmf_abstract_orgstructure_element (id, deleted, name, creation_time, last_modified_time, ts) VALUES ('id_orgstructure_tcr_ponomarev', FALSE, 'Пономарёв Яков Станиславович', '2016-11-01 12:09:17', '2016-10-17 12:09:17', 2);
INSERT INTO cmf_abstract_orgstructure_element (id, deleted, name, creation_time, last_modified_time, ts) VALUES ('id_orgstructure_tcr_turova', FALSE, 'Турова Алина Кондратовна', '2016-11-01 12:09:17', '2016-10-17 12:09:17', 2);
INSERT INTO cmf_abstract_orgstructure_element (id, deleted, name, creation_time, last_modified_time, ts) VALUES ('id_orgstructure_tcr_ustinov2', FALSE, 'Устинов Арсений Митрофанович', '2016-11-01 12:09:17', '2016-10-17 12:09:17', 2);
INSERT INTO cmf_abstract_orgstructure_element (id, deleted, name, creation_time, last_modified_time, ts) VALUES ('id_orgstructure_tcr_lebedev', FALSE, 'Лебедев Вадим Мстиславович', '2016-11-01 12:09:17', '2016-10-17 12:09:17', 2);
INSERT INTO cmf_abstract_orgstructure_element (id, deleted, name, creation_time, last_modified_time, ts) VALUES ('id_orgstructure_tcr_romanova', FALSE, 'Романова Ксения Леонидовна', '2016-11-01 12:09:17', '2016-10-17 12:09:17', 2);
INSERT INTO cmf_abstract_orgstructure_element (id, deleted, name, creation_time, last_modified_time, ts) VALUES ('id_orgstructure_tcr_haritonova', FALSE, 'Харитонова Татьяна Филатовна', '2016-11-01 12:09:17', '2016-10-17 12:09:17', 2);
INSERT INTO cmf_abstract_orgstructure_element (id, deleted, name, creation_time, last_modified_time, ts) VALUES ('id_orgstructure_tcr_vorobyeva', FALSE, 'Воробьёва Иванна Созоновна', '2016-11-01 12:09:17', '2016-10-17 12:09:17', 2);
INSERT INTO cmf_abstract_orgstructure_element (id, deleted, name, creation_time, last_modified_time, ts) VALUES ('id_orgstructure_tcr_terentieva', FALSE, 'Терентьева Жанна Руслановна', '2016-11-01 12:09:17', '2016-10-17 12:09:17', 2);
INSERT INTO cmf_abstract_orgstructure_element (id, deleted, name, creation_time, last_modified_time, ts) VALUES ('id_orgstructure_tcr_orehov', FALSE, 'Орехов Александр Дамирович', '2016-11-01 12:09:17', '2016-10-17 12:09:17', 2);
INSERT INTO cmf_abstract_orgstructure_element (id, deleted, name, creation_time, last_modified_time, ts) VALUES ('id_orgstructure_tcr_rukin', FALSE, 'Рукин Игнатий Аркадьевич', '2016-11-01 12:09:17', '2016-10-17 12:09:17', 2);
INSERT INTO cmf_abstract_orgstructure_element (id, deleted, name, creation_time, last_modified_time, ts) VALUES ('id_orgstructure_tcr_chernov', FALSE, 'Чернов Степан Филатович', '2016-11-01 12:09:17', '2016-10-17 12:09:17', 2);
INSERT INTO cmf_abstract_orgstructure_element (id, deleted, name, creation_time, last_modified_time, ts) VALUES ('id_orgstructure_tcr_belov', FALSE, 'Белов Владимир Вячеславович', '2016-11-01 12:09:17', '2016-10-17 12:09:17', 2);
INSERT INTO cmf_abstract_orgstructure_element (id, deleted, name, creation_time, last_modified_time, ts) VALUES ('id_orgstructure_tcr_popov', FALSE, 'Попов Денис Игоревич', '2016-11-01 12:09:17', '2016-10-17 12:09:17', 2);
INSERT INTO cmf_abstract_orgstructure_element (id, deleted, name, creation_time, last_modified_time, ts) VALUES ('id_orgstructure_tcr_vasilyeva', FALSE, 'Васильева Людмила Евсеевна', '2016-11-01 12:09:17', '2016-10-17 12:09:17', 2);
INSERT INTO cmf_abstract_orgstructure_element (id, deleted, name, creation_time, last_modified_time, ts) VALUES ('id_orgstructure_tcr_engineer1', FALSE, 'Инженер', '2016-11-01 12:09:17', '2016-10-17 12:09:17', 3);
INSERT INTO cmf_abstract_orgstructure_element (id, deleted, name, creation_time, last_modified_time, ts) VALUES ('id_orgstructure_tcr_engineer2', FALSE, 'Инженер', '2016-11-01 12:09:17', '2016-10-17 12:09:17', 4);
INSERT INTO cmf_abstract_orgstructure_element (id, deleted, name, creation_time, last_modified_time, ts) VALUES ('id_orgstructure_tcr_zykova', FALSE, 'Зыкова Ангелина Вадимовна', '2016-11-01 12:09:17', '2016-10-17 12:09:17', 2);
INSERT INTO cmf_abstract_orgstructure_element (id, deleted, name, creation_time, last_modified_time, ts) VALUES ('id_orgstructure_tcr_kirillova2', FALSE, 'Кириллова Лидия Лаврентьевна', '2016-11-01 12:09:17', '2016-10-17 12:09:17', 2);
INSERT INTO cmf_abstract_orgstructure_element (id, deleted, name, creation_time, last_modified_time, ts) VALUES ('id_orgstructure_tcr_stepanova', FALSE, 'Степанова Яна Святославовна', '2016-11-01 12:09:17', '2016-10-17 12:09:17', 2);
INSERT INTO cmf_abstract_orgstructure_element (id, deleted, name, creation_time, last_modified_time, ts) VALUES ('id_orgstructure_tcr_izumova', FALSE, 'Изюмова Александра Ипполитовна', '2016-11-01 12:09:17', '2016-10-17 12:09:17', 2);
INSERT INTO cmf_abstract_orgstructure_element (id, deleted, name, creation_time, last_modified_time, ts) VALUES ('id_orgstructure_tcr_brynskih', FALSE, 'Брынских Денис Ерофеевич', '2016-11-01 12:09:17', '2016-10-17 12:09:17', 2);
INSERT INTO cmf_abstract_orgstructure_element (id, deleted, name, creation_time, last_modified_time, ts) VALUES ('id_orgstructure_tcr_fetisov', FALSE, 'Фетисов Виктор Алексеевич', '2016-11-01 12:09:17', '2016-10-17 12:09:17', 2);
INSERT INTO cmf_abstract_orgstructure_element (id, deleted, name, creation_time, last_modified_time, ts) VALUES ('id_orgstructure_tcr_kostin', FALSE, 'Костин Валентин Иванович', '2016-11-01 12:09:17', '2016-10-17 12:09:17', 2);
INSERT INTO cmf_abstract_orgstructure_element (id, deleted, name, creation_time, last_modified_time, ts) VALUES ('id_orgstructure_tcr_rozhkov', FALSE, 'Рожков Георгий Анатольевич', '2016-11-01 12:09:17', '2016-10-17 12:09:17', 2);
INSERT INTO cmf_abstract_orgstructure_element (id, deleted, name, creation_time, last_modified_time, ts) VALUES ('id_orgstructure_tcr_subbotin', FALSE, 'Субботин Евгений Дмитриевич', '2016-11-01 12:09:17', '2016-10-17 12:09:17', 2);
INSERT INTO cmf_abstract_orgstructure_element (id, deleted, name, creation_time, last_modified_time, ts) VALUES ('id_orgstructure_tcr_sablina', FALSE, 'Саблина Виктория Егоровна', '2016-11-01 12:09:17', '2016-10-17 12:09:17', 2);
INSERT INTO cmf_abstract_orgstructure_element (id, deleted, name, creation_time, last_modified_time, ts) VALUES ('id_orgstructure_tcr_zamyatnina', FALSE, 'Замятнина Маргарита Ильинична', '2016-11-01 12:09:17', '2016-10-17 12:09:17', 2);
INSERT INTO cmf_abstract_orgstructure_element (id, deleted, name, creation_time, last_modified_time, ts) VALUES ('id_orgstructure_tcr_sokovnina', FALSE, 'Соковнина Мария Ростиславовна', '2016-11-01 12:09:17', '2016-10-17 12:09:17', 2);
INSERT INTO cmf_abstract_orgstructure_element (id, deleted, name, creation_time, last_modified_time, ts) VALUES ('id_orgstructure_tcr_andrienko', FALSE, 'Андриенко Элла Аркадиевна', '2016-11-01 12:09:17', '2016-10-17 12:09:17', 2);
INSERT INTO cmf_abstract_orgstructure_element (id, deleted, name, creation_time, last_modified_time, ts) VALUES ('id_orgstructure_tcr_kirilyk', FALSE, 'Кирилюк Юлия Петровна', '2016-11-01 12:09:17', '2016-10-17 12:09:17', 2);
INSERT INTO cmf_abstract_orgstructure_element (id, deleted, name, creation_time, last_modified_time, ts) VALUES ('id_orgstructure_tcr_shipnevskaya', FALSE, 'Шипневская Александра Максимовна', '2016-11-01 12:09:17', '2016-10-17 12:09:17', 2);

--cmf_department
INSERT INTO cmf_department (id, code, full_name, reference_number, head_of_unit_id, parent_id) VALUES ('id_orgstructure_tcr_transcapitalrazvitie', '1', 'ТрансКапиталРазвитие', null, null, 'id_org_structure_root_element');
INSERT INTO cmf_department (id, code, full_name, reference_number, head_of_unit_id, parent_id) VALUES ('id_orgstructure_tcr_administration', '2', 'Руководство', null, null, 'id_orgstructure_tcr_transcapitalrazvitie');
INSERT INTO cmf_department (id, code, full_name, reference_number, head_of_unit_id, parent_id) VALUES ('id_orgstructure_tcr_gendir_assistants', '3', 'Аппарат управления Генерального директора', null, null, 'id_orgstructure_tcr_transcapitalrazvitie');
INSERT INTO cmf_department (id, code, full_name, reference_number, head_of_unit_id, parent_id) VALUES ('id_orgstructure_tcr_corporate_politics_department', '4', 'Департамент корпоративной политики', null, null, 'id_orgstructure_tcr_transcapitalrazvitie');
INSERT INTO cmf_department (id, code, full_name, reference_number, head_of_unit_id, parent_id) VALUES ('id_orgstructure_tcr_economical_security_department', '5', 'Департамент экономической безопасности', null, null, 'id_orgstructure_tcr_transcapitalrazvitie');
INSERT INTO cmf_department (id, code, full_name, reference_number, head_of_unit_id, parent_id) VALUES ('id_orgstructure_tcr_it_department', '6', 'Департамент информационных технологий', null, null, 'id_orgstructure_tcr_transcapitalrazvitie');
INSERT INTO cmf_department (id, code, full_name, reference_number, head_of_unit_id, parent_id) VALUES ('id_orgstructure_tcr_financial_department', '7', 'Финансово-экономический департамент', null, null, 'id_orgstructure_tcr_transcapitalrazvitie');
INSERT INTO cmf_department (id, code, full_name, reference_number, head_of_unit_id, parent_id) VALUES ('id_orgstructure_tcr_legal_department', '8', 'Департамент правового обеспечения', null, null, 'id_orgstructure_tcr_transcapitalrazvitie');
INSERT INTO cmf_department (id, code, full_name, reference_number, head_of_unit_id, parent_id) VALUES ('id_orgstructure_tcr_secretary_department', '9', 'Секретариат', null, null, 'id_orgstructure_tcr_gendir_assistants');
INSERT INTO cmf_department (id, code, full_name, reference_number, head_of_unit_id, parent_id) VALUES ('id_orgstructure_tcr_corporate_management_department', '10', 'Отдел корпоративного управления', null, null, 'id_orgstructure_tcr_corporate_politics_department');
INSERT INTO cmf_department (id, code, full_name, reference_number, head_of_unit_id, parent_id) VALUES ('id_orgstructure_tcr_asset_management_department', '11', 'Отдел управления имуществом', null, null, 'id_orgstructure_tcr_corporate_politics_department');
INSERT INTO cmf_department (id, code, full_name, reference_number, head_of_unit_id, parent_id) VALUES ('id_orgstructure_tcr_it_security_department', '12', 'Отдел информационной безопасности', null, null, 'id_orgstructure_tcr_economical_security_department');
INSERT INTO cmf_department (id, code, full_name, reference_number, head_of_unit_id, parent_id) VALUES ('id_orgstructure_tcr_business_security_department', '13', 'Отдел защиты бизнеса', null, null, 'id_orgstructure_tcr_economical_security_department');
INSERT INTO cmf_department (id, code, full_name, reference_number, head_of_unit_id, parent_id) VALUES ('id_orgstructure_tcr_it_provision_department', '14', 'Отдел информационного обеспечения', null, null, 'id_orgstructure_tcr_it_department');
INSERT INTO cmf_department (id, code, full_name, reference_number, head_of_unit_id, parent_id) VALUES ('id_orgstructure_tcr_rnd_department', '15', 'Отдел научно-технических исследований', null, null, 'id_orgstructure_tcr_it_department');
INSERT INTO cmf_department (id, code, full_name, reference_number, head_of_unit_id, parent_id) VALUES ('id_orgstructure_tcr_accounting_department', '16', 'Отдел бухгалтерского учета и отчетности', null, null, 'id_orgstructure_tcr_financial_department');
INSERT INTO cmf_department (id, code, full_name, reference_number, head_of_unit_id, parent_id) VALUES ('id_orgstructure_tcr_economical_analysis_department', '17', 'Отдел экономического анализа', null, null, 'id_orgstructure_tcr_financial_department');
INSERT INTO cmf_department (id, code, full_name, reference_number, head_of_unit_id, parent_id) VALUES ('id_orgstructure_tcr_legal_expertise_department', '18', 'Отдел правовой экспертизы', null, null, 'id_orgstructure_tcr_legal_department');

--cmf_company
INSERT INTO cmf_company (id, apartment, building, city, country, email, fax, postal_code, region, street, subregion) VALUES ('id_orgstructure_tcr_transcapitalrazvitie', null, null, null, null, null, null, null, null, null, null);

--cmf_position
INSERT INTO cmf_position (id, parent_id, position_description_id) VALUES ('id_orgstructure_tcr_gendir', 'id_orgstructure_tcr_administration', 'id_PositionDescription_GenDirector');
INSERT INTO cmf_position (id, parent_id, position_description_id) VALUES ('id_orgstructure_tcr_deputygendir', 'id_orgstructure_tcr_administration', 'id_PositionDescription_DeputyGenDirector');
INSERT INTO cmf_position (id, parent_id, position_description_id) VALUES ('id_orgstructure_tcr_gendirassistant', 'id_orgstructure_tcr_gendir_assistants', 'id_PositionDescription_GenDirectorAssistant');
INSERT INTO cmf_position (id, parent_id, position_description_id) VALUES ('id_orgstructure_tcr_gendiradvisor', 'id_orgstructure_tcr_gendir_assistants', 'id_PositionDescription_GenDirectorAdvisor');
INSERT INTO cmf_position (id, parent_id, position_description_id) VALUES ('id_orgstructure_tcr_secretaryreferent', 'id_orgstructure_tcr_secretary_department', 'id_PositionDescription_SecretaryReferent');
INSERT INTO cmf_position (id, parent_id, position_description_id) VALUES ('id_orgstructure_tcr_headofdepartment1', 'id_orgstructure_tcr_corporate_politics_department', 'id_PositionDescription_DepartmentDirector');
INSERT INTO cmf_position (id, parent_id, position_description_id) VALUES ('id_orgstructure_tcr_secretary1', 'id_orgstructure_tcr_corporate_politics_department', 'id_PositionDescription_Secretary');
INSERT INTO cmf_position (id, parent_id, position_description_id) VALUES ('id_orgstructure_tcr_headofunit1', 'id_orgstructure_tcr_corporate_management_department', 'id_PositionDescription_DepartmentChief');
INSERT INTO cmf_position (id, parent_id, position_description_id) VALUES ('id_orgstructure_tcr_headspecialist1', 'id_orgstructure_tcr_corporate_management_department', 'id_PositionDescription_HeadSpecialist');
INSERT INTO cmf_position (id, parent_id, position_description_id) VALUES ('id_orgstructure_tcr_specialist1', 'id_orgstructure_tcr_corporate_management_department', 'id_PositionDescription_Specialist');
INSERT INTO cmf_position (id, parent_id, position_description_id) VALUES ('id_orgstructure_tcr_headofunit2', 'id_orgstructure_tcr_asset_management_department', 'id_PositionDescription_DepartmentChief');
INSERT INTO cmf_position (id, parent_id, position_description_id) VALUES ('id_orgstructure_tcr_headspecialist2', 'id_orgstructure_tcr_asset_management_department', 'id_PositionDescription_HeadSpecialist');
INSERT INTO cmf_position (id, parent_id, position_description_id) VALUES ('id_orgstructure_tcr_specialist2', 'id_orgstructure_tcr_asset_management_department', 'id_PositionDescription_Specialist');
INSERT INTO cmf_position (id, parent_id, position_description_id) VALUES ('id_orgstructure_tcr_expert1', 'id_orgstructure_tcr_asset_management_department', 'id_PositionDescription_Expert');
INSERT INTO cmf_position (id, parent_id, position_description_id) VALUES ('id_orgstructure_tcr_headofdepartment2', 'id_orgstructure_tcr_economical_security_department', 'id_PositionDescription_DepartmentDirector');
INSERT INTO cmf_position (id, parent_id, position_description_id) VALUES ('id_orgstructure_tcr_secretary2', 'id_orgstructure_tcr_economical_security_department', 'id_PositionDescription_Secretary');
INSERT INTO cmf_position (id, parent_id, position_description_id) VALUES ('id_orgstructure_tcr_headofunit3', 'id_orgstructure_tcr_it_security_department', 'id_PositionDescription_DepartmentChief');
INSERT INTO cmf_position (id, parent_id, position_description_id) VALUES ('id_orgstructure_tcr_headspecialist3', 'id_orgstructure_tcr_it_security_department', 'id_PositionDescription_HeadSpecialist');
INSERT INTO cmf_position (id, parent_id, position_description_id) VALUES ('id_orgstructure_tcr_expert2', 'id_orgstructure_tcr_it_security_department', 'id_PositionDescription_Expert');
INSERT INTO cmf_position (id, parent_id, position_description_id) VALUES ('id_orgstructure_tcr_headofunit4', 'id_orgstructure_tcr_business_security_department', 'id_PositionDescription_DepartmentChief');
INSERT INTO cmf_position (id, parent_id, position_description_id) VALUES ('id_orgstructure_tcr_headspecialist4', 'id_orgstructure_tcr_business_security_department', 'id_PositionDescription_HeadSpecialist');
INSERT INTO cmf_position (id, parent_id, position_description_id) VALUES ('id_orgstructure_tcr_headofdepartment3', 'id_orgstructure_tcr_it_department', 'id_PositionDescription_DepartmentDirector');
INSERT INTO cmf_position (id, parent_id, position_description_id) VALUES ('id_orgstructure_tcr_secretary3', 'id_orgstructure_tcr_it_department', 'id_PositionDescription_Secretary');
INSERT INTO cmf_position (id, parent_id, position_description_id) VALUES ('id_orgstructure_tcr_headofunit5', 'id_orgstructure_tcr_it_provision_department', 'id_PositionDescription_DepartmentChief');
INSERT INTO cmf_position (id, parent_id, position_description_id) VALUES ('id_orgstructure_tcr_seniorspecialist', 'id_orgstructure_tcr_it_provision_department', 'id_PositionDescription_SeniorSpecialist');
INSERT INTO cmf_position (id, parent_id, position_description_id) VALUES ('id_orgstructure_tcr_headofunit6', 'id_orgstructure_tcr_rnd_department', 'id_PositionDescription_DepartmentChief');
INSERT INTO cmf_position (id, parent_id, position_description_id) VALUES ('id_orgstructure_tcr_seniorengineer', 'id_orgstructure_tcr_rnd_department', 'id_PositionDescription_SeniorEngineer');
INSERT INTO cmf_position (id, parent_id, position_description_id) VALUES ('id_orgstructure_tcr_engineer1', 'id_orgstructure_tcr_rnd_department', 'id_PositionDescription_Engineer');
INSERT INTO cmf_position (id, parent_id, position_description_id) VALUES ('id_orgstructure_tcr_financialdirector', 'id_orgstructure_tcr_financial_department', 'id_PositionDescription_FinancialDirector');
INSERT INTO cmf_position (id, parent_id, position_description_id) VALUES ('id_orgstructure_tcr_secretary4', 'id_orgstructure_tcr_financial_department', 'id_PositionDescription_Secretary');
INSERT INTO cmf_position (id, parent_id, position_description_id) VALUES ('id_orgstructure_tcr_head_accountant', 'id_orgstructure_tcr_accounting_department', 'id_PositionDescription_HeadAccountant');
INSERT INTO cmf_position (id, parent_id, position_description_id) VALUES ('id_orgstructure_tcr_accountant', 'id_orgstructure_tcr_accounting_department', 'id_PositionDescription_Accountant');
INSERT INTO cmf_position (id, parent_id, position_description_id) VALUES ('id_orgstructure_tcr_headofunit7', 'id_orgstructure_tcr_economical_analysis_department', 'id_PositionDescription_DepartmentChief');
INSERT INTO cmf_position (id, parent_id, position_description_id) VALUES ('id_orgstructure_tcr_headspecialist5', 'id_orgstructure_tcr_economical_analysis_department', 'id_PositionDescription_HeadSpecialist');
INSERT INTO cmf_position (id, parent_id, position_description_id) VALUES ('id_orgstructure_tcr_headofdepartment4', 'id_orgstructure_tcr_legal_department', 'id_PositionDescription_DepartmentDirector');
INSERT INTO cmf_position (id, parent_id, position_description_id) VALUES ('id_orgstructure_tcr_secretary5', 'id_orgstructure_tcr_legal_department', 'id_PositionDescription_Secretary');
INSERT INTO cmf_position (id, parent_id, position_description_id) VALUES ('id_orgstructure_tcr_headofunit8', 'id_orgstructure_tcr_legal_expertise_department', 'id_PositionDescription_DepartmentChief');
INSERT INTO cmf_position (id, parent_id, position_description_id) VALUES ('id_orgstructure_tcr_lawyer', 'id_orgstructure_tcr_legal_expertise_department', 'id_PositionDescription_Lawyer');
INSERT INTO cmf_position (id, parent_id, position_description_id) VALUES ('id_orgstructure_tcr_engineer2', 'id_orgstructure_tcr_it_provision_department', 'id_PositionDescription_Engineer');

--cmf_employee_position
INSERT INTO cmf_employee_position (id, employee_id, parent_id) VALUES ('id_orgstructure_tcr_karpov', 'employee_karpovsm', 'id_orgstructure_tcr_gendir');
INSERT INTO cmf_employee_position (id, employee_id, parent_id) VALUES ('id_orgstructure_tcr_kirillova', 'employee_kirillovakb', 'id_orgstructure_tcr_deputygendir');
INSERT INTO cmf_employee_position (id, employee_id, parent_id) VALUES ('id_orgstructure_tcr_maslova', 'employee_maslovaer', 'id_orgstructure_tcr_gendirassistant');
INSERT INTO cmf_employee_position (id, employee_id, parent_id) VALUES ('id_orgstructure_tcr_muhina', 'employee_mukhinavm', 'id_orgstructure_tcr_gendiradvisor');
INSERT INTO cmf_employee_position (id, employee_id, parent_id) VALUES ('id_orgstructure_tcr_zaicev', 'employee_zaiceves', 'id_orgstructure_tcr_secretaryreferent');
INSERT INTO cmf_employee_position (id, employee_id, parent_id) VALUES ('id_orgstructure_tcr_fedoseeva', 'employee_fedoseevaok', 'id_orgstructure_tcr_headofdepartment1');
INSERT INTO cmf_employee_position (id, employee_id, parent_id) VALUES ('id_orgstructure_tcr_zaharova', 'employee_zaharovaod', 'id_orgstructure_tcr_secretary1');
INSERT INTO cmf_employee_position (id, employee_id, parent_id) VALUES ('id_orgstructure_tcr_ustinov', 'employee_ustinovtm', 'id_orgstructure_tcr_headofunit1');
INSERT INTO cmf_employee_position (id, employee_id, parent_id) VALUES ('id_orgstructure_tcr_turov', 'employee_turoveg', 'id_orgstructure_tcr_headspecialist1');
INSERT INTO cmf_employee_position (id, employee_id, parent_id) VALUES ('id_orgstructure_tcr_komarov', 'employee_komarovvm', 'id_orgstructure_tcr_specialist1');
INSERT INTO cmf_employee_position (id, employee_id, parent_id) VALUES ('id_orgstructure_tcr_ponomarev', 'employee_ponomarevys', 'id_orgstructure_tcr_headofunit2');
INSERT INTO cmf_employee_position (id, employee_id, parent_id) VALUES ('id_orgstructure_tcr_turova', 'employee_turovaak', 'id_orgstructure_tcr_headspecialist2');
INSERT INTO cmf_employee_position (id, employee_id, parent_id) VALUES ('id_orgstructure_tcr_ustinov2', 'employee_ustinovam', 'id_orgstructure_tcr_specialist2');
INSERT INTO cmf_employee_position (id, employee_id, parent_id) VALUES ('id_orgstructure_tcr_lebedev', 'employee_lebedevvm', 'id_orgstructure_tcr_expert1');
INSERT INTO cmf_employee_position (id, employee_id, parent_id) VALUES ('id_orgstructure_tcr_romanova', 'employee_romanovakl', 'id_orgstructure_tcr_headofdepartment2');
INSERT INTO cmf_employee_position (id, employee_id, parent_id) VALUES ('id_orgstructure_tcr_haritonova', 'employee_kharitonovatf', 'id_orgstructure_tcr_secretary2');
INSERT INTO cmf_employee_position (id, employee_id, parent_id) VALUES ('id_orgstructure_tcr_vorobyeva', 'employee_vorobievais', 'id_orgstructure_tcr_headofunit3');
INSERT INTO cmf_employee_position (id, employee_id, parent_id) VALUES ('id_orgstructure_tcr_terentieva', 'employee_terentievazr', 'id_orgstructure_tcr_headspecialist3');
INSERT INTO cmf_employee_position (id, employee_id, parent_id) VALUES ('id_orgstructure_tcr_orehov', 'employee_orekhovad', 'id_orgstructure_tcr_expert2');
INSERT INTO cmf_employee_position (id, employee_id, parent_id) VALUES ('id_orgstructure_tcr_rukin', 'employee_rukinia', 'id_orgstructure_tcr_headofunit4');
INSERT INTO cmf_employee_position (id, employee_id, parent_id) VALUES ('id_orgstructure_tcr_chernov', 'employee_chernovsf', 'id_orgstructure_tcr_headspecialist4');
INSERT INTO cmf_employee_position (id, employee_id, parent_id) VALUES ('id_orgstructure_tcr_belov', 'employee_belovvv', 'id_orgstructure_tcr_headofdepartment3');
INSERT INTO cmf_employee_position (id, employee_id, parent_id) VALUES ('id_orgstructure_tcr_popov', 'employee_popovdi', 'id_orgstructure_tcr_secretary3');
INSERT INTO cmf_employee_position (id, employee_id, parent_id) VALUES ('id_orgstructure_tcr_vasilyeva', 'employee_vasilevale', 'id_orgstructure_tcr_headofunit5');
INSERT INTO cmf_employee_position (id, employee_id, parent_id) VALUES ('id_orgstructure_tcr_zykova', 'employee_zykovaav', 'id_orgstructure_tcr_seniorspecialist');
INSERT INTO cmf_employee_position (id, employee_id, parent_id) VALUES ('id_orgstructure_tcr_kirillova2', 'employee_kirillovall', 'id_orgstructure_tcr_engineer2');
INSERT INTO cmf_employee_position (id, employee_id, parent_id) VALUES ('id_orgstructure_tcr_stepanova', 'employee_stepanovays', 'id_orgstructure_tcr_headofunit6');
INSERT INTO cmf_employee_position (id, employee_id, parent_id) VALUES ('id_orgstructure_tcr_izumova', 'employee_izumovaai', 'id_orgstructure_tcr_seniorengineer');
INSERT INTO cmf_employee_position (id, employee_id, parent_id) VALUES ('id_orgstructure_tcr_brynskih', 'employee_brynskihde', 'id_orgstructure_tcr_engineer1');
INSERT INTO cmf_employee_position (id, employee_id, parent_id) VALUES ('id_orgstructure_tcr_fetisov', 'employee_fetisovva', 'id_orgstructure_tcr_financialdirector');
INSERT INTO cmf_employee_position (id, employee_id, parent_id) VALUES ('id_orgstructure_tcr_kostin', 'employee_kostinvi', 'id_orgstructure_tcr_secretary4');
INSERT INTO cmf_employee_position (id, employee_id, parent_id) VALUES ('id_orgstructure_tcr_rozhkov', 'employee_rozhkovga', 'id_orgstructure_tcr_head_accountant');
INSERT INTO cmf_employee_position (id, employee_id, parent_id) VALUES ('id_orgstructure_tcr_subbotin', 'employee_subbotined', 'id_orgstructure_tcr_accountant');
INSERT INTO cmf_employee_position (id, employee_id, parent_id) VALUES ('id_orgstructure_tcr_sablina', 'employee_sablinave', 'id_orgstructure_tcr_headofunit7');
INSERT INTO cmf_employee_position (id, employee_id, parent_id) VALUES ('id_orgstructure_tcr_zamyatnina', 'employee_zamyatninami', 'id_orgstructure_tcr_headspecialist5');
INSERT INTO cmf_employee_position (id, employee_id, parent_id) VALUES ('id_orgstructure_tcr_sokovnina', 'employee_sokovninamr', 'id_orgstructure_tcr_headofdepartment4');
INSERT INTO cmf_employee_position (id, employee_id, parent_id) VALUES ('id_orgstructure_tcr_andrienko', 'employee_andrienkoea', 'id_orgstructure_tcr_secretary5');
INSERT INTO cmf_employee_position (id, employee_id, parent_id) VALUES ('id_orgstructure_tcr_kirilyk', 'employee_kirilukup', 'id_orgstructure_tcr_headofunit8');
INSERT INTO cmf_employee_position (id, employee_id, parent_id) VALUES ('id_orgstructure_tcr_shipnevskaya', 'employee_shipnevskayaam', 'id_orgstructure_tcr_lawyer');

--cmf_org_structure_child_to_parents
INSERT INTO cmf_org_structure_child_to_parents (child_id, parent_id) VALUES ('id_orgstructure_tcr_stepanova', 'id_orgstructure_tcr_stepanova');
INSERT INTO cmf_org_structure_child_to_parents (child_id, parent_id) VALUES ('id_orgstructure_tcr_stepanova', 'id_orgstructure_tcr_transcapitalrazvitie');
INSERT INTO cmf_org_structure_child_to_parents (child_id, parent_id) VALUES ('id_orgstructure_tcr_stepanova', 'id_orgstructure_tcr_it_department');
INSERT INTO cmf_org_structure_child_to_parents (child_id, parent_id) VALUES ('id_orgstructure_tcr_stepanova', 'id_orgstructure_tcr_rnd_department');
INSERT INTO cmf_org_structure_child_to_parents (child_id, parent_id) VALUES ('id_orgstructure_tcr_stepanova', 'id_orgstructure_tcr_headofunit6');
INSERT INTO cmf_org_structure_child_to_parents (child_id, parent_id) VALUES ('id_orgstructure_tcr_headofdepartment1', 'id_orgstructure_tcr_headofdepartment1');
INSERT INTO cmf_org_structure_child_to_parents (child_id, parent_id) VALUES ('id_orgstructure_tcr_headofdepartment1', 'id_orgstructure_tcr_transcapitalrazvitie');
INSERT INTO cmf_org_structure_child_to_parents (child_id, parent_id) VALUES ('id_orgstructure_tcr_headofdepartment1', 'id_orgstructure_tcr_corporate_politics_department');
INSERT INTO cmf_org_structure_child_to_parents (child_id, parent_id) VALUES ('id_orgstructure_tcr_muhina', 'id_orgstructure_tcr_muhina');
INSERT INTO cmf_org_structure_child_to_parents (child_id, parent_id) VALUES ('id_orgstructure_tcr_muhina', 'id_orgstructure_tcr_transcapitalrazvitie');
INSERT INTO cmf_org_structure_child_to_parents (child_id, parent_id) VALUES ('id_orgstructure_tcr_muhina', 'id_orgstructure_tcr_gendiradvisor');
INSERT INTO cmf_org_structure_child_to_parents (child_id, parent_id) VALUES ('id_orgstructure_tcr_muhina', 'id_orgstructure_tcr_gendir_assistants');
INSERT INTO cmf_org_structure_child_to_parents (child_id, parent_id) VALUES ('id_orgstructure_tcr_kostin', 'id_orgstructure_tcr_kostin');
INSERT INTO cmf_org_structure_child_to_parents (child_id, parent_id) VALUES ('id_orgstructure_tcr_kostin', 'id_orgstructure_tcr_transcapitalrazvitie');
INSERT INTO cmf_org_structure_child_to_parents (child_id, parent_id) VALUES ('id_orgstructure_tcr_kostin', 'id_orgstructure_tcr_financial_department');
INSERT INTO cmf_org_structure_child_to_parents (child_id, parent_id) VALUES ('id_orgstructure_tcr_kostin', 'id_orgstructure_tcr_secretary4');
INSERT INTO cmf_org_structure_child_to_parents (child_id, parent_id) VALUES ('id_orgstructure_tcr_headofdepartment4', 'id_orgstructure_tcr_headofdepartment4');
INSERT INTO cmf_org_structure_child_to_parents (child_id, parent_id) VALUES ('id_orgstructure_tcr_headofdepartment4', 'id_orgstructure_tcr_transcapitalrazvitie');
INSERT INTO cmf_org_structure_child_to_parents (child_id, parent_id) VALUES ('id_orgstructure_tcr_headofdepartment4', 'id_orgstructure_tcr_legal_department');
INSERT INTO cmf_org_structure_child_to_parents (child_id, parent_id) VALUES ('id_orgstructure_tcr_financialdirector', 'id_orgstructure_tcr_financialdirector');
INSERT INTO cmf_org_structure_child_to_parents (child_id, parent_id) VALUES ('id_orgstructure_tcr_financialdirector', 'id_orgstructure_tcr_transcapitalrazvitie');
INSERT INTO cmf_org_structure_child_to_parents (child_id, parent_id) VALUES ('id_orgstructure_tcr_financialdirector', 'id_orgstructure_tcr_financial_department');
INSERT INTO cmf_org_structure_child_to_parents (child_id, parent_id) VALUES ('id_orgstructure_tcr_headofdepartment3', 'id_orgstructure_tcr_headofdepartment3');
INSERT INTO cmf_org_structure_child_to_parents (child_id, parent_id) VALUES ('id_orgstructure_tcr_headofdepartment3', 'id_orgstructure_tcr_transcapitalrazvitie');
INSERT INTO cmf_org_structure_child_to_parents (child_id, parent_id) VALUES ('id_orgstructure_tcr_headofdepartment3', 'id_orgstructure_tcr_it_department');
INSERT INTO cmf_org_structure_child_to_parents (child_id, parent_id) VALUES ('id_orgstructure_tcr_subbotin', 'id_orgstructure_tcr_subbotin');
INSERT INTO cmf_org_structure_child_to_parents (child_id, parent_id) VALUES ('id_orgstructure_tcr_subbotin', 'id_orgstructure_tcr_accounting_department');
INSERT INTO cmf_org_structure_child_to_parents (child_id, parent_id) VALUES ('id_orgstructure_tcr_subbotin', 'id_orgstructure_tcr_transcapitalrazvitie');
INSERT INTO cmf_org_structure_child_to_parents (child_id, parent_id) VALUES ('id_orgstructure_tcr_subbotin', 'id_orgstructure_tcr_financial_department');
INSERT INTO cmf_org_structure_child_to_parents (child_id, parent_id) VALUES ('id_orgstructure_tcr_subbotin', 'id_orgstructure_tcr_accountant');
INSERT INTO cmf_org_structure_child_to_parents (child_id, parent_id) VALUES ('id_orgstructure_tcr_secretaryreferent', 'id_orgstructure_tcr_secretaryreferent');
INSERT INTO cmf_org_structure_child_to_parents (child_id, parent_id) VALUES ('id_orgstructure_tcr_secretaryreferent', 'id_orgstructure_tcr_transcapitalrazvitie');
INSERT INTO cmf_org_structure_child_to_parents (child_id, parent_id) VALUES ('id_orgstructure_tcr_secretaryreferent', 'id_orgstructure_tcr_secretary_department');
INSERT INTO cmf_org_structure_child_to_parents (child_id, parent_id) VALUES ('id_orgstructure_tcr_secretaryreferent', 'id_orgstructure_tcr_gendir_assistants');
INSERT INTO cmf_org_structure_child_to_parents (child_id, parent_id) VALUES ('id_orgstructure_tcr_engineer2', 'id_orgstructure_tcr_engineer2');
INSERT INTO cmf_org_structure_child_to_parents (child_id, parent_id) VALUES ('id_orgstructure_tcr_engineer2', 'id_orgstructure_tcr_transcapitalrazvitie');
INSERT INTO cmf_org_structure_child_to_parents (child_id, parent_id) VALUES ('id_orgstructure_tcr_engineer2', 'id_orgstructure_tcr_it_department');
INSERT INTO cmf_org_structure_child_to_parents (child_id, parent_id) VALUES ('id_orgstructure_tcr_engineer2', 'id_orgstructure_tcr_it_provision_department');
INSERT INTO cmf_org_structure_child_to_parents (child_id, parent_id) VALUES ('id_orgstructure_tcr_legal_expertise_department', 'id_orgstructure_tcr_legal_expertise_department');
INSERT INTO cmf_org_structure_child_to_parents (child_id, parent_id) VALUES ('id_orgstructure_tcr_legal_expertise_department', 'id_orgstructure_tcr_transcapitalrazvitie');
INSERT INTO cmf_org_structure_child_to_parents (child_id, parent_id) VALUES ('id_orgstructure_tcr_legal_expertise_department', 'id_orgstructure_tcr_legal_department');
INSERT INTO cmf_org_structure_child_to_parents (child_id, parent_id) VALUES ('id_orgstructure_tcr_headofunit5', 'id_orgstructure_tcr_headofunit5');
INSERT INTO cmf_org_structure_child_to_parents (child_id, parent_id) VALUES ('id_orgstructure_tcr_headofunit5', 'id_orgstructure_tcr_transcapitalrazvitie');
INSERT INTO cmf_org_structure_child_to_parents (child_id, parent_id) VALUES ('id_orgstructure_tcr_headofunit5', 'id_orgstructure_tcr_it_department');
INSERT INTO cmf_org_structure_child_to_parents (child_id, parent_id) VALUES ('id_orgstructure_tcr_headofunit5', 'id_orgstructure_tcr_it_provision_department');
INSERT INTO cmf_org_structure_child_to_parents (child_id, parent_id) VALUES ('id_orgstructure_tcr_secretary2', 'id_orgstructure_tcr_secretary2');
INSERT INTO cmf_org_structure_child_to_parents (child_id, parent_id) VALUES ('id_orgstructure_tcr_secretary2', 'id_orgstructure_tcr_transcapitalrazvitie');
INSERT INTO cmf_org_structure_child_to_parents (child_id, parent_id) VALUES ('id_orgstructure_tcr_secretary2', 'id_orgstructure_tcr_economical_security_department');
INSERT INTO cmf_org_structure_child_to_parents (child_id, parent_id) VALUES ('id_orgstructure_tcr_turova', 'id_orgstructure_tcr_turova');
INSERT INTO cmf_org_structure_child_to_parents (child_id, parent_id) VALUES ('id_orgstructure_tcr_turova', 'id_orgstructure_tcr_transcapitalrazvitie');
INSERT INTO cmf_org_structure_child_to_parents (child_id, parent_id) VALUES ('id_orgstructure_tcr_turova', 'id_orgstructure_tcr_headspecialist2');
INSERT INTO cmf_org_structure_child_to_parents (child_id, parent_id) VALUES ('id_orgstructure_tcr_turova', 'id_orgstructure_tcr_corporate_politics_department');
INSERT INTO cmf_org_structure_child_to_parents (child_id, parent_id) VALUES ('id_orgstructure_tcr_turova', 'id_orgstructure_tcr_asset_management_department');
INSERT INTO cmf_org_structure_child_to_parents (child_id, parent_id) VALUES ('id_orgstructure_tcr_headofunit3', 'id_orgstructure_tcr_headofunit3');
INSERT INTO cmf_org_structure_child_to_parents (child_id, parent_id) VALUES ('id_orgstructure_tcr_headofunit3', 'id_orgstructure_tcr_it_security_department');
INSERT INTO cmf_org_structure_child_to_parents (child_id, parent_id) VALUES ('id_orgstructure_tcr_headofunit3', 'id_orgstructure_tcr_transcapitalrazvitie');
INSERT INTO cmf_org_structure_child_to_parents (child_id, parent_id) VALUES ('id_orgstructure_tcr_headofunit3', 'id_orgstructure_tcr_economical_security_department');
INSERT INTO cmf_org_structure_child_to_parents (child_id, parent_id) VALUES ('id_orgstructure_tcr_it_security_department', 'id_orgstructure_tcr_it_security_department');
INSERT INTO cmf_org_structure_child_to_parents (child_id, parent_id) VALUES ('id_orgstructure_tcr_it_security_department', 'id_orgstructure_tcr_transcapitalrazvitie');
INSERT INTO cmf_org_structure_child_to_parents (child_id, parent_id) VALUES ('id_orgstructure_tcr_it_security_department', 'id_orgstructure_tcr_economical_security_department');
INSERT INTO cmf_org_structure_child_to_parents (child_id, parent_id) VALUES ('id_orgstructure_tcr_headofunit8', 'id_orgstructure_tcr_legal_expertise_department');
INSERT INTO cmf_org_structure_child_to_parents (child_id, parent_id) VALUES ('id_orgstructure_tcr_headofunit8', 'id_orgstructure_tcr_headofunit8');
INSERT INTO cmf_org_structure_child_to_parents (child_id, parent_id) VALUES ('id_orgstructure_tcr_headofunit8', 'id_orgstructure_tcr_transcapitalrazvitie');
INSERT INTO cmf_org_structure_child_to_parents (child_id, parent_id) VALUES ('id_orgstructure_tcr_headofunit8', 'id_orgstructure_tcr_legal_department');
INSERT INTO cmf_org_structure_child_to_parents (child_id, parent_id) VALUES ('id_orgstructure_tcr_gendir', 'id_orgstructure_tcr_gendir');
INSERT INTO cmf_org_structure_child_to_parents (child_id, parent_id) VALUES ('id_orgstructure_tcr_gendir', 'id_orgstructure_tcr_administration');
INSERT INTO cmf_org_structure_child_to_parents (child_id, parent_id) VALUES ('id_orgstructure_tcr_gendir', 'id_orgstructure_tcr_transcapitalrazvitie');
INSERT INTO cmf_org_structure_child_to_parents (child_id, parent_id) VALUES ('id_orgstructure_tcr_sokovnina', 'id_orgstructure_tcr_headofdepartment4');
INSERT INTO cmf_org_structure_child_to_parents (child_id, parent_id) VALUES ('id_orgstructure_tcr_sokovnina', 'id_orgstructure_tcr_sokovnina');
INSERT INTO cmf_org_structure_child_to_parents (child_id, parent_id) VALUES ('id_orgstructure_tcr_sokovnina', 'id_orgstructure_tcr_transcapitalrazvitie');
INSERT INTO cmf_org_structure_child_to_parents (child_id, parent_id) VALUES ('id_orgstructure_tcr_sokovnina', 'id_orgstructure_tcr_legal_department');
INSERT INTO cmf_org_structure_child_to_parents (child_id, parent_id) VALUES ('id_orgstructure_tcr_accounting_department', 'id_orgstructure_tcr_accounting_department');
INSERT INTO cmf_org_structure_child_to_parents (child_id, parent_id) VALUES ('id_orgstructure_tcr_accounting_department', 'id_orgstructure_tcr_transcapitalrazvitie');
INSERT INTO cmf_org_structure_child_to_parents (child_id, parent_id) VALUES ('id_orgstructure_tcr_accounting_department', 'id_orgstructure_tcr_financial_department');
INSERT INTO cmf_org_structure_child_to_parents (child_id, parent_id) VALUES ('id_orgstructure_tcr_kirillova2', 'id_orgstructure_tcr_engineer2');
INSERT INTO cmf_org_structure_child_to_parents (child_id, parent_id) VALUES ('id_orgstructure_tcr_kirillova2', 'id_orgstructure_tcr_kirillova2');
INSERT INTO cmf_org_structure_child_to_parents (child_id, parent_id) VALUES ('id_orgstructure_tcr_kirillova2', 'id_orgstructure_tcr_transcapitalrazvitie');
INSERT INTO cmf_org_structure_child_to_parents (child_id, parent_id) VALUES ('id_orgstructure_tcr_kirillova2', 'id_orgstructure_tcr_it_department');
INSERT INTO cmf_org_structure_child_to_parents (child_id, parent_id) VALUES ('id_orgstructure_tcr_kirillova2', 'id_orgstructure_tcr_it_provision_department');
INSERT INTO cmf_org_structure_child_to_parents (child_id, parent_id) VALUES ('id_orgstructure_tcr_popov', 'id_orgstructure_tcr_popov');
INSERT INTO cmf_org_structure_child_to_parents (child_id, parent_id) VALUES ('id_orgstructure_tcr_popov', 'id_orgstructure_tcr_transcapitalrazvitie');
INSERT INTO cmf_org_structure_child_to_parents (child_id, parent_id) VALUES ('id_orgstructure_tcr_popov', 'id_orgstructure_tcr_secretary3');
INSERT INTO cmf_org_structure_child_to_parents (child_id, parent_id) VALUES ('id_orgstructure_tcr_popov', 'id_orgstructure_tcr_it_department');
INSERT INTO cmf_org_structure_child_to_parents (child_id, parent_id) VALUES ('id_orgstructure_tcr_secretary1', 'id_orgstructure_tcr_secretary1');
INSERT INTO cmf_org_structure_child_to_parents (child_id, parent_id) VALUES ('id_orgstructure_tcr_secretary1', 'id_orgstructure_tcr_transcapitalrazvitie');
INSERT INTO cmf_org_structure_child_to_parents (child_id, parent_id) VALUES ('id_orgstructure_tcr_secretary1', 'id_orgstructure_tcr_corporate_politics_department');
INSERT INTO cmf_org_structure_child_to_parents (child_id, parent_id) VALUES ('id_orgstructure_tcr_specialist1', 'id_orgstructure_tcr_specialist1');
INSERT INTO cmf_org_structure_child_to_parents (child_id, parent_id) VALUES ('id_orgstructure_tcr_specialist1', 'id_orgstructure_tcr_transcapitalrazvitie');
INSERT INTO cmf_org_structure_child_to_parents (child_id, parent_id) VALUES ('id_orgstructure_tcr_specialist1', 'id_orgstructure_tcr_corporate_management_department');
INSERT INTO cmf_org_structure_child_to_parents (child_id, parent_id) VALUES ('id_orgstructure_tcr_specialist1', 'id_orgstructure_tcr_corporate_politics_department');
INSERT INTO cmf_org_structure_child_to_parents (child_id, parent_id) VALUES ('id_orgstructure_tcr_kirillova', 'id_orgstructure_tcr_kirillova');
INSERT INTO cmf_org_structure_child_to_parents (child_id, parent_id) VALUES ('id_orgstructure_tcr_kirillova', 'id_orgstructure_tcr_administration');
INSERT INTO cmf_org_structure_child_to_parents (child_id, parent_id) VALUES ('id_orgstructure_tcr_kirillova', 'id_orgstructure_tcr_transcapitalrazvitie');
INSERT INTO cmf_org_structure_child_to_parents (child_id, parent_id) VALUES ('id_orgstructure_tcr_kirillova', 'id_orgstructure_tcr_deputygendir');
INSERT INTO cmf_org_structure_child_to_parents (child_id, parent_id) VALUES ('id_orgstructure_tcr_administration', 'id_orgstructure_tcr_administration');
INSERT INTO cmf_org_structure_child_to_parents (child_id, parent_id) VALUES ('id_orgstructure_tcr_administration', 'id_orgstructure_tcr_transcapitalrazvitie');
INSERT INTO cmf_org_structure_child_to_parents (child_id, parent_id) VALUES ('id_orgstructure_tcr_head_accountant', 'id_orgstructure_tcr_accounting_department');
INSERT INTO cmf_org_structure_child_to_parents (child_id, parent_id) VALUES ('id_orgstructure_tcr_head_accountant', 'id_orgstructure_tcr_head_accountant');
INSERT INTO cmf_org_structure_child_to_parents (child_id, parent_id) VALUES ('id_orgstructure_tcr_head_accountant', 'id_orgstructure_tcr_transcapitalrazvitie');
INSERT INTO cmf_org_structure_child_to_parents (child_id, parent_id) VALUES ('id_orgstructure_tcr_head_accountant', 'id_orgstructure_tcr_financial_department');
INSERT INTO cmf_org_structure_child_to_parents (child_id, parent_id) VALUES ('id_orgstructure_tcr_lebedev', 'id_orgstructure_tcr_lebedev');
INSERT INTO cmf_org_structure_child_to_parents (child_id, parent_id) VALUES ('id_orgstructure_tcr_lebedev', 'id_orgstructure_tcr_transcapitalrazvitie');
INSERT INTO cmf_org_structure_child_to_parents (child_id, parent_id) VALUES ('id_orgstructure_tcr_lebedev', 'id_orgstructure_tcr_expert1');
INSERT INTO cmf_org_structure_child_to_parents (child_id, parent_id) VALUES ('id_orgstructure_tcr_lebedev', 'id_orgstructure_tcr_corporate_politics_department');
INSERT INTO cmf_org_structure_child_to_parents (child_id, parent_id) VALUES ('id_orgstructure_tcr_lebedev', 'id_orgstructure_tcr_asset_management_department');
INSERT INTO cmf_org_structure_child_to_parents (child_id, parent_id) VALUES ('id_orgstructure_tcr_headofunit4', 'id_orgstructure_tcr_headofunit4');
INSERT INTO cmf_org_structure_child_to_parents (child_id, parent_id) VALUES ('id_orgstructure_tcr_headofunit4', 'id_orgstructure_tcr_transcapitalrazvitie');
INSERT INTO cmf_org_structure_child_to_parents (child_id, parent_id) VALUES ('id_orgstructure_tcr_headofunit4', 'id_orgstructure_tcr_economical_security_department');
INSERT INTO cmf_org_structure_child_to_parents (child_id, parent_id) VALUES ('id_orgstructure_tcr_headofunit4', 'id_orgstructure_tcr_business_security_department');
INSERT INTO cmf_org_structure_child_to_parents (child_id, parent_id) VALUES ('id_orgstructure_tcr_transcapitalrazvitie', 'id_orgstructure_tcr_transcapitalrazvitie');
INSERT INTO cmf_org_structure_child_to_parents (child_id, parent_id) VALUES ('id_orgstructure_tcr_secretary3', 'id_orgstructure_tcr_transcapitalrazvitie');
INSERT INTO cmf_org_structure_child_to_parents (child_id, parent_id) VALUES ('id_orgstructure_tcr_secretary3', 'id_orgstructure_tcr_secretary3');
INSERT INTO cmf_org_structure_child_to_parents (child_id, parent_id) VALUES ('id_orgstructure_tcr_secretary3', 'id_orgstructure_tcr_it_department');
INSERT INTO cmf_org_structure_child_to_parents (child_id, parent_id) VALUES ('id_orgstructure_tcr_financial_department', 'id_orgstructure_tcr_transcapitalrazvitie');
INSERT INTO cmf_org_structure_child_to_parents (child_id, parent_id) VALUES ('id_orgstructure_tcr_financial_department', 'id_orgstructure_tcr_financial_department');
INSERT INTO cmf_org_structure_child_to_parents (child_id, parent_id) VALUES ('id_orgstructure_tcr_fetisov', 'id_orgstructure_tcr_financialdirector');
INSERT INTO cmf_org_structure_child_to_parents (child_id, parent_id) VALUES ('id_orgstructure_tcr_fetisov', 'id_orgstructure_tcr_transcapitalrazvitie');
INSERT INTO cmf_org_structure_child_to_parents (child_id, parent_id) VALUES ('id_orgstructure_tcr_fetisov', 'id_orgstructure_tcr_financial_department');
INSERT INTO cmf_org_structure_child_to_parents (child_id, parent_id) VALUES ('id_orgstructure_tcr_fetisov', 'id_orgstructure_tcr_fetisov');
INSERT INTO cmf_org_structure_child_to_parents (child_id, parent_id) VALUES ('id_orgstructure_tcr_secretary4', 'id_orgstructure_tcr_transcapitalrazvitie');
INSERT INTO cmf_org_structure_child_to_parents (child_id, parent_id) VALUES ('id_orgstructure_tcr_secretary4', 'id_orgstructure_tcr_financial_department');
INSERT INTO cmf_org_structure_child_to_parents (child_id, parent_id) VALUES ('id_orgstructure_tcr_secretary4', 'id_orgstructure_tcr_secretary4');
INSERT INTO cmf_org_structure_child_to_parents (child_id, parent_id) VALUES ('id_orgstructure_tcr_gendiradvisor', 'id_orgstructure_tcr_transcapitalrazvitie');
INSERT INTO cmf_org_structure_child_to_parents (child_id, parent_id) VALUES ('id_orgstructure_tcr_gendiradvisor', 'id_orgstructure_tcr_gendiradvisor');
INSERT INTO cmf_org_structure_child_to_parents (child_id, parent_id) VALUES ('id_orgstructure_tcr_gendiradvisor', 'id_orgstructure_tcr_gendir_assistants');
INSERT INTO cmf_org_structure_child_to_parents (child_id, parent_id) VALUES ('id_orgstructure_tcr_headofunit1', 'id_orgstructure_tcr_transcapitalrazvitie');
INSERT INTO cmf_org_structure_child_to_parents (child_id, parent_id) VALUES ('id_orgstructure_tcr_headofunit1', 'id_orgstructure_tcr_headofunit1');
INSERT INTO cmf_org_structure_child_to_parents (child_id, parent_id) VALUES ('id_orgstructure_tcr_headofunit1', 'id_orgstructure_tcr_corporate_management_department');
INSERT INTO cmf_org_structure_child_to_parents (child_id, parent_id) VALUES ('id_orgstructure_tcr_headofunit1', 'id_orgstructure_tcr_corporate_politics_department');
INSERT INTO cmf_org_structure_child_to_parents (child_id, parent_id) VALUES ('id_orgstructure_tcr_headspecialist2', 'id_orgstructure_tcr_transcapitalrazvitie');
INSERT INTO cmf_org_structure_child_to_parents (child_id, parent_id) VALUES ('id_orgstructure_tcr_headspecialist2', 'id_orgstructure_tcr_headspecialist2');
INSERT INTO cmf_org_structure_child_to_parents (child_id, parent_id) VALUES ('id_orgstructure_tcr_headspecialist2', 'id_orgstructure_tcr_corporate_politics_department');
INSERT INTO cmf_org_structure_child_to_parents (child_id, parent_id) VALUES ('id_orgstructure_tcr_headspecialist2', 'id_orgstructure_tcr_asset_management_department');
INSERT INTO cmf_org_structure_child_to_parents (child_id, parent_id) VALUES ('id_orgstructure_tcr_it_department', 'id_orgstructure_tcr_transcapitalrazvitie');
INSERT INTO cmf_org_structure_child_to_parents (child_id, parent_id) VALUES ('id_orgstructure_tcr_it_department', 'id_orgstructure_tcr_it_department');
INSERT INTO cmf_org_structure_child_to_parents (child_id, parent_id) VALUES ('id_orgstructure_tcr_economical_analysis_department', 'id_orgstructure_tcr_transcapitalrazvitie');
INSERT INTO cmf_org_structure_child_to_parents (child_id, parent_id) VALUES ('id_orgstructure_tcr_economical_analysis_department', 'id_orgstructure_tcr_financial_department');
INSERT INTO cmf_org_structure_child_to_parents (child_id, parent_id) VALUES ('id_orgstructure_tcr_economical_analysis_department', 'id_orgstructure_tcr_economical_analysis_department');
INSERT INTO cmf_org_structure_child_to_parents (child_id, parent_id) VALUES ('id_orgstructure_tcr_deputygendir', 'id_orgstructure_tcr_administration');
INSERT INTO cmf_org_structure_child_to_parents (child_id, parent_id) VALUES ('id_orgstructure_tcr_deputygendir', 'id_orgstructure_tcr_transcapitalrazvitie');
INSERT INTO cmf_org_structure_child_to_parents (child_id, parent_id) VALUES ('id_orgstructure_tcr_deputygendir', 'id_orgstructure_tcr_deputygendir');
INSERT INTO cmf_org_structure_child_to_parents (child_id, parent_id) VALUES ('id_orgstructure_tcr_engineer1', 'id_orgstructure_tcr_transcapitalrazvitie');
INSERT INTO cmf_org_structure_child_to_parents (child_id, parent_id) VALUES ('id_orgstructure_tcr_engineer1', 'id_orgstructure_tcr_it_department');
INSERT INTO cmf_org_structure_child_to_parents (child_id, parent_id) VALUES ('id_orgstructure_tcr_engineer1', 'id_orgstructure_tcr_engineer1');
INSERT INTO cmf_org_structure_child_to_parents (child_id, parent_id) VALUES ('id_orgstructure_tcr_engineer1', 'id_orgstructure_tcr_rnd_department');
INSERT INTO cmf_org_structure_child_to_parents (child_id, parent_id) VALUES ('id_orgstructure_tcr_headspecialist1', 'id_orgstructure_tcr_transcapitalrazvitie');
INSERT INTO cmf_org_structure_child_to_parents (child_id, parent_id) VALUES ('id_orgstructure_tcr_headspecialist1', 'id_orgstructure_tcr_headspecialist1');
INSERT INTO cmf_org_structure_child_to_parents (child_id, parent_id) VALUES ('id_orgstructure_tcr_headspecialist1', 'id_orgstructure_tcr_corporate_management_department');
INSERT INTO cmf_org_structure_child_to_parents (child_id, parent_id) VALUES ('id_orgstructure_tcr_headspecialist1', 'id_orgstructure_tcr_corporate_politics_department');
INSERT INTO cmf_org_structure_child_to_parents (child_id, parent_id) VALUES ('id_orgstructure_tcr_ustinov', 'id_orgstructure_tcr_transcapitalrazvitie');
INSERT INTO cmf_org_structure_child_to_parents (child_id, parent_id) VALUES ('id_orgstructure_tcr_ustinov', 'id_orgstructure_tcr_headofunit1');
INSERT INTO cmf_org_structure_child_to_parents (child_id, parent_id) VALUES ('id_orgstructure_tcr_ustinov', 'id_orgstructure_tcr_ustinov');
INSERT INTO cmf_org_structure_child_to_parents (child_id, parent_id) VALUES ('id_orgstructure_tcr_ustinov', 'id_orgstructure_tcr_corporate_management_department');
INSERT INTO cmf_org_structure_child_to_parents (child_id, parent_id) VALUES ('id_orgstructure_tcr_ustinov', 'id_orgstructure_tcr_corporate_politics_department');
INSERT INTO cmf_org_structure_child_to_parents (child_id, parent_id) VALUES ('id_orgstructure_tcr_zamyatnina', 'id_orgstructure_tcr_transcapitalrazvitie');
INSERT INTO cmf_org_structure_child_to_parents (child_id, parent_id) VALUES ('id_orgstructure_tcr_zamyatnina', 'id_orgstructure_tcr_financial_department');
INSERT INTO cmf_org_structure_child_to_parents (child_id, parent_id) VALUES ('id_orgstructure_tcr_zamyatnina', 'id_orgstructure_tcr_economical_analysis_department');
INSERT INTO cmf_org_structure_child_to_parents (child_id, parent_id) VALUES ('id_orgstructure_tcr_zamyatnina', 'id_orgstructure_tcr_zamyatnina');
INSERT INTO cmf_org_structure_child_to_parents (child_id, parent_id) VALUES ('id_orgstructure_tcr_zamyatnina', 'id_orgstructure_tcr_headspecialist5');
INSERT INTO cmf_org_structure_child_to_parents (child_id, parent_id) VALUES ('id_orgstructure_tcr_accountant', 'id_orgstructure_tcr_accounting_department');
INSERT INTO cmf_org_structure_child_to_parents (child_id, parent_id) VALUES ('id_orgstructure_tcr_accountant', 'id_orgstructure_tcr_transcapitalrazvitie');
INSERT INTO cmf_org_structure_child_to_parents (child_id, parent_id) VALUES ('id_orgstructure_tcr_accountant', 'id_orgstructure_tcr_financial_department');
INSERT INTO cmf_org_structure_child_to_parents (child_id, parent_id) VALUES ('id_orgstructure_tcr_accountant', 'id_orgstructure_tcr_accountant');
INSERT INTO cmf_org_structure_child_to_parents (child_id, parent_id) VALUES ('id_orgstructure_tcr_headspecialist5', 'id_orgstructure_tcr_transcapitalrazvitie');
INSERT INTO cmf_org_structure_child_to_parents (child_id, parent_id) VALUES ('id_orgstructure_tcr_headspecialist5', 'id_orgstructure_tcr_financial_department');
INSERT INTO cmf_org_structure_child_to_parents (child_id, parent_id) VALUES ('id_orgstructure_tcr_headspecialist5', 'id_orgstructure_tcr_economical_analysis_department');
INSERT INTO cmf_org_structure_child_to_parents (child_id, parent_id) VALUES ('id_orgstructure_tcr_headspecialist5', 'id_orgstructure_tcr_headspecialist5');
INSERT INTO cmf_org_structure_child_to_parents (child_id, parent_id) VALUES ('id_orgstructure_tcr_secretary_department', 'id_orgstructure_tcr_transcapitalrazvitie');
INSERT INTO cmf_org_structure_child_to_parents (child_id, parent_id) VALUES ('id_orgstructure_tcr_secretary_department', 'id_orgstructure_tcr_secretary_department');
INSERT INTO cmf_org_structure_child_to_parents (child_id, parent_id) VALUES ('id_orgstructure_tcr_secretary_department', 'id_orgstructure_tcr_gendir_assistants');
INSERT INTO cmf_org_structure_child_to_parents (child_id, parent_id) VALUES ('id_orgstructure_tcr_corporate_management_department', 'id_orgstructure_tcr_transcapitalrazvitie');
INSERT INTO cmf_org_structure_child_to_parents (child_id, parent_id) VALUES ('id_orgstructure_tcr_corporate_management_department', 'id_orgstructure_tcr_corporate_management_department');
INSERT INTO cmf_org_structure_child_to_parents (child_id, parent_id) VALUES ('id_orgstructure_tcr_corporate_management_department', 'id_orgstructure_tcr_corporate_politics_department');
INSERT INTO cmf_org_structure_child_to_parents (child_id, parent_id) VALUES ('id_orgstructure_tcr_vorobyeva', 'id_orgstructure_tcr_headofunit3');
INSERT INTO cmf_org_structure_child_to_parents (child_id, parent_id) VALUES ('id_orgstructure_tcr_vorobyeva', 'id_orgstructure_tcr_it_security_department');
INSERT INTO cmf_org_structure_child_to_parents (child_id, parent_id) VALUES ('id_orgstructure_tcr_vorobyeva', 'id_orgstructure_tcr_transcapitalrazvitie');
INSERT INTO cmf_org_structure_child_to_parents (child_id, parent_id) VALUES ('id_orgstructure_tcr_vorobyeva', 'id_orgstructure_tcr_vorobyeva');
INSERT INTO cmf_org_structure_child_to_parents (child_id, parent_id) VALUES ('id_orgstructure_tcr_vorobyeva', 'id_orgstructure_tcr_economical_security_department');
INSERT INTO cmf_org_structure_child_to_parents (child_id, parent_id) VALUES ('id_orgstructure_tcr_kirilyk', 'id_orgstructure_tcr_legal_expertise_department');
INSERT INTO cmf_org_structure_child_to_parents (child_id, parent_id) VALUES ('id_orgstructure_tcr_kirilyk', 'id_orgstructure_tcr_headofunit8');
INSERT INTO cmf_org_structure_child_to_parents (child_id, parent_id) VALUES ('id_orgstructure_tcr_kirilyk', 'id_orgstructure_tcr_transcapitalrazvitie');
INSERT INTO cmf_org_structure_child_to_parents (child_id, parent_id) VALUES ('id_orgstructure_tcr_kirilyk', 'id_orgstructure_tcr_kirilyk');
INSERT INTO cmf_org_structure_child_to_parents (child_id, parent_id) VALUES ('id_orgstructure_tcr_kirilyk', 'id_orgstructure_tcr_legal_department');
INSERT INTO cmf_org_structure_child_to_parents (child_id, parent_id) VALUES ('id_orgstructure_tcr_gendir_assistants', 'id_orgstructure_tcr_transcapitalrazvitie');
INSERT INTO cmf_org_structure_child_to_parents (child_id, parent_id) VALUES ('id_orgstructure_tcr_gendir_assistants', 'id_orgstructure_tcr_gendir_assistants');
INSERT INTO cmf_org_structure_child_to_parents (child_id, parent_id) VALUES ('id_orgstructure_tcr_ponomarev', 'id_orgstructure_tcr_transcapitalrazvitie');
INSERT INTO cmf_org_structure_child_to_parents (child_id, parent_id) VALUES ('id_orgstructure_tcr_ponomarev', 'id_orgstructure_tcr_ponomarev');
INSERT INTO cmf_org_structure_child_to_parents (child_id, parent_id) VALUES ('id_orgstructure_tcr_ponomarev', 'id_orgstructure_tcr_headofunit2');
INSERT INTO cmf_org_structure_child_to_parents (child_id, parent_id) VALUES ('id_orgstructure_tcr_ponomarev', 'id_orgstructure_tcr_corporate_politics_department');
INSERT INTO cmf_org_structure_child_to_parents (child_id, parent_id) VALUES ('id_orgstructure_tcr_ponomarev', 'id_orgstructure_tcr_asset_management_department');
INSERT INTO cmf_org_structure_child_to_parents (child_id, parent_id) VALUES ('id_orgstructure_tcr_rnd_department', 'id_orgstructure_tcr_transcapitalrazvitie');
INSERT INTO cmf_org_structure_child_to_parents (child_id, parent_id) VALUES ('id_orgstructure_tcr_rnd_department', 'id_orgstructure_tcr_it_department');
INSERT INTO cmf_org_structure_child_to_parents (child_id, parent_id) VALUES ('id_orgstructure_tcr_rnd_department', 'id_orgstructure_tcr_rnd_department');
INSERT INTO cmf_org_structure_child_to_parents (child_id, parent_id) VALUES ('id_orgstructure_tcr_rozhkov', 'id_orgstructure_tcr_accounting_department');
INSERT INTO cmf_org_structure_child_to_parents (child_id, parent_id) VALUES ('id_orgstructure_tcr_rozhkov', 'id_orgstructure_tcr_head_accountant');
INSERT INTO cmf_org_structure_child_to_parents (child_id, parent_id) VALUES ('id_orgstructure_tcr_rozhkov', 'id_orgstructure_tcr_transcapitalrazvitie');
INSERT INTO cmf_org_structure_child_to_parents (child_id, parent_id) VALUES ('id_orgstructure_tcr_rozhkov', 'id_orgstructure_tcr_financial_department');
INSERT INTO cmf_org_structure_child_to_parents (child_id, parent_id) VALUES ('id_orgstructure_tcr_rozhkov', 'id_orgstructure_tcr_rozhkov');
INSERT INTO cmf_org_structure_child_to_parents (child_id, parent_id) VALUES ('id_orgstructure_tcr_komarov', 'id_orgstructure_tcr_specialist1');
INSERT INTO cmf_org_structure_child_to_parents (child_id, parent_id) VALUES ('id_orgstructure_tcr_komarov', 'id_orgstructure_tcr_transcapitalrazvitie');
INSERT INTO cmf_org_structure_child_to_parents (child_id, parent_id) VALUES ('id_orgstructure_tcr_komarov', 'id_orgstructure_tcr_corporate_management_department');
INSERT INTO cmf_org_structure_child_to_parents (child_id, parent_id) VALUES ('id_orgstructure_tcr_komarov', 'id_orgstructure_tcr_komarov');
INSERT INTO cmf_org_structure_child_to_parents (child_id, parent_id) VALUES ('id_orgstructure_tcr_komarov', 'id_orgstructure_tcr_corporate_politics_department');
INSERT INTO cmf_org_structure_child_to_parents (child_id, parent_id) VALUES ('id_orgstructure_tcr_andrienko', 'id_orgstructure_tcr_transcapitalrazvitie');
INSERT INTO cmf_org_structure_child_to_parents (child_id, parent_id) VALUES ('id_orgstructure_tcr_andrienko', 'id_orgstructure_tcr_andrienko');
INSERT INTO cmf_org_structure_child_to_parents (child_id, parent_id) VALUES ('id_orgstructure_tcr_andrienko', 'id_orgstructure_tcr_secretary5');
INSERT INTO cmf_org_structure_child_to_parents (child_id, parent_id) VALUES ('id_orgstructure_tcr_andrienko', 'id_orgstructure_tcr_legal_department');
INSERT INTO cmf_org_structure_child_to_parents (child_id, parent_id) VALUES ('id_orgstructure_tcr_izumova', 'id_orgstructure_tcr_transcapitalrazvitie');
INSERT INTO cmf_org_structure_child_to_parents (child_id, parent_id) VALUES ('id_orgstructure_tcr_izumova', 'id_orgstructure_tcr_it_department');
INSERT INTO cmf_org_structure_child_to_parents (child_id, parent_id) VALUES ('id_orgstructure_tcr_izumova', 'id_orgstructure_tcr_rnd_department');
INSERT INTO cmf_org_structure_child_to_parents (child_id, parent_id) VALUES ('id_orgstructure_tcr_izumova', 'id_orgstructure_tcr_izumova');
INSERT INTO cmf_org_structure_child_to_parents (child_id, parent_id) VALUES ('id_orgstructure_tcr_izumova', 'id_orgstructure_tcr_seniorengineer');
INSERT INTO cmf_org_structure_child_to_parents (child_id, parent_id) VALUES ('id_orgstructure_tcr_rukin', 'id_orgstructure_tcr_headofunit4');
INSERT INTO cmf_org_structure_child_to_parents (child_id, parent_id) VALUES ('id_orgstructure_tcr_rukin', 'id_orgstructure_tcr_transcapitalrazvitie');
INSERT INTO cmf_org_structure_child_to_parents (child_id, parent_id) VALUES ('id_orgstructure_tcr_rukin', 'id_orgstructure_tcr_rukin');
INSERT INTO cmf_org_structure_child_to_parents (child_id, parent_id) VALUES ('id_orgstructure_tcr_rukin', 'id_orgstructure_tcr_economical_security_department');
INSERT INTO cmf_org_structure_child_to_parents (child_id, parent_id) VALUES ('id_orgstructure_tcr_rukin', 'id_orgstructure_tcr_business_security_department');
INSERT INTO cmf_org_structure_child_to_parents (child_id, parent_id) VALUES ('id_orgstructure_tcr_secretary5', 'id_orgstructure_tcr_transcapitalrazvitie');
INSERT INTO cmf_org_structure_child_to_parents (child_id, parent_id) VALUES ('id_orgstructure_tcr_secretary5', 'id_orgstructure_tcr_secretary5');
INSERT INTO cmf_org_structure_child_to_parents (child_id, parent_id) VALUES ('id_orgstructure_tcr_secretary5', 'id_orgstructure_tcr_legal_department');
INSERT INTO cmf_org_structure_child_to_parents (child_id, parent_id) VALUES ('id_orgstructure_tcr_headspecialist4', 'id_orgstructure_tcr_transcapitalrazvitie');
INSERT INTO cmf_org_structure_child_to_parents (child_id, parent_id) VALUES ('id_orgstructure_tcr_headspecialist4', 'id_orgstructure_tcr_headspecialist4');
INSERT INTO cmf_org_structure_child_to_parents (child_id, parent_id) VALUES ('id_orgstructure_tcr_headspecialist4', 'id_orgstructure_tcr_economical_security_department');
INSERT INTO cmf_org_structure_child_to_parents (child_id, parent_id) VALUES ('id_orgstructure_tcr_headspecialist4', 'id_orgstructure_tcr_business_security_department');
INSERT INTO cmf_org_structure_child_to_parents (child_id, parent_id) VALUES ('id_orgstructure_tcr_haritonova', 'id_orgstructure_tcr_secretary2');
INSERT INTO cmf_org_structure_child_to_parents (child_id, parent_id) VALUES ('id_orgstructure_tcr_haritonova', 'id_orgstructure_tcr_transcapitalrazvitie');
INSERT INTO cmf_org_structure_child_to_parents (child_id, parent_id) VALUES ('id_orgstructure_tcr_haritonova', 'id_orgstructure_tcr_haritonova');
INSERT INTO cmf_org_structure_child_to_parents (child_id, parent_id) VALUES ('id_orgstructure_tcr_haritonova', 'id_orgstructure_tcr_economical_security_department');
INSERT INTO cmf_org_structure_child_to_parents (child_id, parent_id) VALUES ('id_orgstructure_tcr_romanova', 'id_orgstructure_tcr_transcapitalrazvitie');
INSERT INTO cmf_org_structure_child_to_parents (child_id, parent_id) VALUES ('id_orgstructure_tcr_romanova', 'id_orgstructure_tcr_romanova');
INSERT INTO cmf_org_structure_child_to_parents (child_id, parent_id) VALUES ('id_orgstructure_tcr_romanova', 'id_orgstructure_tcr_economical_security_department');
INSERT INTO cmf_org_structure_child_to_parents (child_id, parent_id) VALUES ('id_orgstructure_tcr_romanova', 'id_orgstructure_tcr_headofdepartment2');
INSERT INTO cmf_org_structure_child_to_parents (child_id, parent_id) VALUES ('id_orgstructure_tcr_vasilyeva', 'id_orgstructure_tcr_headofunit5');
INSERT INTO cmf_org_structure_child_to_parents (child_id, parent_id) VALUES ('id_orgstructure_tcr_vasilyeva', 'id_orgstructure_tcr_transcapitalrazvitie');
INSERT INTO cmf_org_structure_child_to_parents (child_id, parent_id) VALUES ('id_orgstructure_tcr_vasilyeva', 'id_orgstructure_tcr_it_department');
INSERT INTO cmf_org_structure_child_to_parents (child_id, parent_id) VALUES ('id_orgstructure_tcr_vasilyeva', 'id_orgstructure_tcr_vasilyeva');
INSERT INTO cmf_org_structure_child_to_parents (child_id, parent_id) VALUES ('id_orgstructure_tcr_vasilyeva', 'id_orgstructure_tcr_it_provision_department');
INSERT INTO cmf_org_structure_child_to_parents (child_id, parent_id) VALUES ('id_orgstructure_tcr_ustinov2', 'id_orgstructure_tcr_transcapitalrazvitie');
INSERT INTO cmf_org_structure_child_to_parents (child_id, parent_id) VALUES ('id_orgstructure_tcr_ustinov2', 'id_orgstructure_tcr_ustinov2');
INSERT INTO cmf_org_structure_child_to_parents (child_id, parent_id) VALUES ('id_orgstructure_tcr_ustinov2', 'id_orgstructure_tcr_corporate_politics_department');
INSERT INTO cmf_org_structure_child_to_parents (child_id, parent_id) VALUES ('id_orgstructure_tcr_ustinov2', 'id_orgstructure_tcr_asset_management_department');
INSERT INTO cmf_org_structure_child_to_parents (child_id, parent_id) VALUES ('id_orgstructure_tcr_ustinov2', 'id_orgstructure_tcr_specialist2');
INSERT INTO cmf_org_structure_child_to_parents (child_id, parent_id) VALUES ('id_orgstructure_tcr_seniorspecialist', 'id_orgstructure_tcr_transcapitalrazvitie');
INSERT INTO cmf_org_structure_child_to_parents (child_id, parent_id) VALUES ('id_orgstructure_tcr_seniorspecialist', 'id_orgstructure_tcr_it_department');
INSERT INTO cmf_org_structure_child_to_parents (child_id, parent_id) VALUES ('id_orgstructure_tcr_seniorspecialist', 'id_orgstructure_tcr_seniorspecialist');
INSERT INTO cmf_org_structure_child_to_parents (child_id, parent_id) VALUES ('id_orgstructure_tcr_seniorspecialist', 'id_orgstructure_tcr_it_provision_department');
INSERT INTO cmf_org_structure_child_to_parents (child_id, parent_id) VALUES ('id_orgstructure_tcr_terentieva', 'id_orgstructure_tcr_it_security_department');
INSERT INTO cmf_org_structure_child_to_parents (child_id, parent_id) VALUES ('id_orgstructure_tcr_terentieva', 'id_orgstructure_tcr_transcapitalrazvitie');
INSERT INTO cmf_org_structure_child_to_parents (child_id, parent_id) VALUES ('id_orgstructure_tcr_terentieva', 'id_orgstructure_tcr_terentieva');
INSERT INTO cmf_org_structure_child_to_parents (child_id, parent_id) VALUES ('id_orgstructure_tcr_terentieva', 'id_orgstructure_tcr_headspecialist3');
INSERT INTO cmf_org_structure_child_to_parents (child_id, parent_id) VALUES ('id_orgstructure_tcr_terentieva', 'id_orgstructure_tcr_economical_security_department');
INSERT INTO cmf_org_structure_child_to_parents (child_id, parent_id) VALUES ('id_orgstructure_tcr_fedoseeva', 'id_orgstructure_tcr_headofdepartment1');
INSERT INTO cmf_org_structure_child_to_parents (child_id, parent_id) VALUES ('id_orgstructure_tcr_fedoseeva', 'id_orgstructure_tcr_transcapitalrazvitie');
INSERT INTO cmf_org_structure_child_to_parents (child_id, parent_id) VALUES ('id_orgstructure_tcr_fedoseeva', 'id_orgstructure_tcr_fedoseeva');
INSERT INTO cmf_org_structure_child_to_parents (child_id, parent_id) VALUES ('id_orgstructure_tcr_fedoseeva', 'id_orgstructure_tcr_corporate_politics_department');
INSERT INTO cmf_org_structure_child_to_parents (child_id, parent_id) VALUES ('id_orgstructure_tcr_headspecialist3', 'id_orgstructure_tcr_it_security_department');
INSERT INTO cmf_org_structure_child_to_parents (child_id, parent_id) VALUES ('id_orgstructure_tcr_headspecialist3', 'id_orgstructure_tcr_transcapitalrazvitie');
INSERT INTO cmf_org_structure_child_to_parents (child_id, parent_id) VALUES ('id_orgstructure_tcr_headspecialist3', 'id_orgstructure_tcr_headspecialist3');
INSERT INTO cmf_org_structure_child_to_parents (child_id, parent_id) VALUES ('id_orgstructure_tcr_headspecialist3', 'id_orgstructure_tcr_economical_security_department');
INSERT INTO cmf_org_structure_child_to_parents (child_id, parent_id) VALUES ('id_orgstructure_tcr_seniorengineer', 'id_orgstructure_tcr_transcapitalrazvitie');
INSERT INTO cmf_org_structure_child_to_parents (child_id, parent_id) VALUES ('id_orgstructure_tcr_seniorengineer', 'id_orgstructure_tcr_it_department');
INSERT INTO cmf_org_structure_child_to_parents (child_id, parent_id) VALUES ('id_orgstructure_tcr_seniorengineer', 'id_orgstructure_tcr_rnd_department');
INSERT INTO cmf_org_structure_child_to_parents (child_id, parent_id) VALUES ('id_orgstructure_tcr_seniorengineer', 'id_orgstructure_tcr_seniorengineer');
INSERT INTO cmf_org_structure_child_to_parents (child_id, parent_id) VALUES ('id_orgstructure_tcr_maslova', 'id_orgstructure_tcr_transcapitalrazvitie');
INSERT INTO cmf_org_structure_child_to_parents (child_id, parent_id) VALUES ('id_orgstructure_tcr_maslova', 'id_orgstructure_tcr_gendir_assistants');
INSERT INTO cmf_org_structure_child_to_parents (child_id, parent_id) VALUES ('id_orgstructure_tcr_maslova', 'id_orgstructure_tcr_maslova');
INSERT INTO cmf_org_structure_child_to_parents (child_id, parent_id) VALUES ('id_orgstructure_tcr_maslova', 'id_orgstructure_tcr_gendirassistant');
INSERT INTO cmf_org_structure_child_to_parents (child_id, parent_id) VALUES ('id_orgstructure_tcr_brynskih', 'id_orgstructure_tcr_transcapitalrazvitie');
INSERT INTO cmf_org_structure_child_to_parents (child_id, parent_id) VALUES ('id_orgstructure_tcr_brynskih', 'id_orgstructure_tcr_it_department');
INSERT INTO cmf_org_structure_child_to_parents (child_id, parent_id) VALUES ('id_orgstructure_tcr_brynskih', 'id_orgstructure_tcr_engineer1');
INSERT INTO cmf_org_structure_child_to_parents (child_id, parent_id) VALUES ('id_orgstructure_tcr_brynskih', 'id_orgstructure_tcr_rnd_department');
INSERT INTO cmf_org_structure_child_to_parents (child_id, parent_id) VALUES ('id_orgstructure_tcr_brynskih', 'id_orgstructure_tcr_brynskih');
INSERT INTO cmf_org_structure_child_to_parents (child_id, parent_id) VALUES ('id_orgstructure_tcr_headofunit7', 'id_orgstructure_tcr_transcapitalrazvitie');
INSERT INTO cmf_org_structure_child_to_parents (child_id, parent_id) VALUES ('id_orgstructure_tcr_headofunit7', 'id_orgstructure_tcr_financial_department');
INSERT INTO cmf_org_structure_child_to_parents (child_id, parent_id) VALUES ('id_orgstructure_tcr_headofunit7', 'id_orgstructure_tcr_economical_analysis_department');
INSERT INTO cmf_org_structure_child_to_parents (child_id, parent_id) VALUES ('id_orgstructure_tcr_headofunit7', 'id_orgstructure_tcr_headofunit7');
INSERT INTO cmf_org_structure_child_to_parents (child_id, parent_id) VALUES ('id_orgstructure_tcr_karpov', 'id_orgstructure_tcr_gendir');
INSERT INTO cmf_org_structure_child_to_parents (child_id, parent_id) VALUES ('id_orgstructure_tcr_karpov', 'id_orgstructure_tcr_administration');
INSERT INTO cmf_org_structure_child_to_parents (child_id, parent_id) VALUES ('id_orgstructure_tcr_karpov', 'id_orgstructure_tcr_transcapitalrazvitie');
INSERT INTO cmf_org_structure_child_to_parents (child_id, parent_id) VALUES ('id_orgstructure_tcr_karpov', 'id_orgstructure_tcr_karpov');
INSERT INTO cmf_org_structure_child_to_parents (child_id, parent_id) VALUES ('id_orgstructure_tcr_zykova', 'id_orgstructure_tcr_transcapitalrazvitie');
INSERT INTO cmf_org_structure_child_to_parents (child_id, parent_id) VALUES ('id_orgstructure_tcr_zykova', 'id_orgstructure_tcr_it_department');
INSERT INTO cmf_org_structure_child_to_parents (child_id, parent_id) VALUES ('id_orgstructure_tcr_zykova', 'id_orgstructure_tcr_seniorspecialist');
INSERT INTO cmf_org_structure_child_to_parents (child_id, parent_id) VALUES ('id_orgstructure_tcr_zykova', 'id_orgstructure_tcr_zykova');
INSERT INTO cmf_org_structure_child_to_parents (child_id, parent_id) VALUES ('id_orgstructure_tcr_zykova', 'id_orgstructure_tcr_it_provision_department');
INSERT INTO cmf_org_structure_child_to_parents (child_id, parent_id) VALUES ('id_orgstructure_tcr_headofunit2', 'id_orgstructure_tcr_transcapitalrazvitie');
INSERT INTO cmf_org_structure_child_to_parents (child_id, parent_id) VALUES ('id_orgstructure_tcr_headofunit2', 'id_orgstructure_tcr_headofunit2');
INSERT INTO cmf_org_structure_child_to_parents (child_id, parent_id) VALUES ('id_orgstructure_tcr_headofunit2', 'id_orgstructure_tcr_corporate_politics_department');
INSERT INTO cmf_org_structure_child_to_parents (child_id, parent_id) VALUES ('id_orgstructure_tcr_headofunit2', 'id_orgstructure_tcr_asset_management_department');
INSERT INTO cmf_org_structure_child_to_parents (child_id, parent_id) VALUES ('id_orgstructure_tcr_zaharova', 'id_orgstructure_tcr_secretary1');
INSERT INTO cmf_org_structure_child_to_parents (child_id, parent_id) VALUES ('id_orgstructure_tcr_zaharova', 'id_orgstructure_tcr_transcapitalrazvitie');
INSERT INTO cmf_org_structure_child_to_parents (child_id, parent_id) VALUES ('id_orgstructure_tcr_zaharova', 'id_orgstructure_tcr_zaharova');
INSERT INTO cmf_org_structure_child_to_parents (child_id, parent_id) VALUES ('id_orgstructure_tcr_zaharova', 'id_orgstructure_tcr_corporate_politics_department');
INSERT INTO cmf_org_structure_child_to_parents (child_id, parent_id) VALUES ('id_orgstructure_tcr_sablina', 'id_orgstructure_tcr_transcapitalrazvitie');
INSERT INTO cmf_org_structure_child_to_parents (child_id, parent_id) VALUES ('id_orgstructure_tcr_sablina', 'id_orgstructure_tcr_financial_department');
INSERT INTO cmf_org_structure_child_to_parents (child_id, parent_id) VALUES ('id_orgstructure_tcr_sablina', 'id_orgstructure_tcr_economical_analysis_department');
INSERT INTO cmf_org_structure_child_to_parents (child_id, parent_id) VALUES ('id_orgstructure_tcr_sablina', 'id_orgstructure_tcr_headofunit7');
INSERT INTO cmf_org_structure_child_to_parents (child_id, parent_id) VALUES ('id_orgstructure_tcr_sablina', 'id_orgstructure_tcr_sablina');
INSERT INTO cmf_org_structure_child_to_parents (child_id, parent_id) VALUES ('id_orgstructure_tcr_orehov', 'id_orgstructure_tcr_it_security_department');
INSERT INTO cmf_org_structure_child_to_parents (child_id, parent_id) VALUES ('id_orgstructure_tcr_orehov', 'id_orgstructure_tcr_transcapitalrazvitie');
INSERT INTO cmf_org_structure_child_to_parents (child_id, parent_id) VALUES ('id_orgstructure_tcr_orehov', 'id_orgstructure_tcr_orehov');
INSERT INTO cmf_org_structure_child_to_parents (child_id, parent_id) VALUES ('id_orgstructure_tcr_orehov', 'id_orgstructure_tcr_economical_security_department');
INSERT INTO cmf_org_structure_child_to_parents (child_id, parent_id) VALUES ('id_orgstructure_tcr_orehov', 'id_orgstructure_tcr_expert2');
INSERT INTO cmf_org_structure_child_to_parents (child_id, parent_id) VALUES ('id_orgstructure_tcr_expert1', 'id_orgstructure_tcr_transcapitalrazvitie');
INSERT INTO cmf_org_structure_child_to_parents (child_id, parent_id) VALUES ('id_orgstructure_tcr_expert1', 'id_orgstructure_tcr_expert1');
INSERT INTO cmf_org_structure_child_to_parents (child_id, parent_id) VALUES ('id_orgstructure_tcr_expert1', 'id_orgstructure_tcr_corporate_politics_department');
INSERT INTO cmf_org_structure_child_to_parents (child_id, parent_id) VALUES ('id_orgstructure_tcr_expert1', 'id_orgstructure_tcr_asset_management_department');
INSERT INTO cmf_org_structure_child_to_parents (child_id, parent_id) VALUES ('id_orgstructure_tcr_economical_security_department', 'id_orgstructure_tcr_transcapitalrazvitie');
INSERT INTO cmf_org_structure_child_to_parents (child_id, parent_id) VALUES ('id_orgstructure_tcr_economical_security_department', 'id_orgstructure_tcr_economical_security_department');
INSERT INTO cmf_org_structure_child_to_parents (child_id, parent_id) VALUES ('id_orgstructure_tcr_headofdepartment2', 'id_orgstructure_tcr_transcapitalrazvitie');
INSERT INTO cmf_org_structure_child_to_parents (child_id, parent_id) VALUES ('id_orgstructure_tcr_headofdepartment2', 'id_orgstructure_tcr_economical_security_department');
INSERT INTO cmf_org_structure_child_to_parents (child_id, parent_id) VALUES ('id_orgstructure_tcr_headofdepartment2', 'id_orgstructure_tcr_headofdepartment2');
INSERT INTO cmf_org_structure_child_to_parents (child_id, parent_id) VALUES ('id_orgstructure_tcr_gendirassistant', 'id_orgstructure_tcr_transcapitalrazvitie');
INSERT INTO cmf_org_structure_child_to_parents (child_id, parent_id) VALUES ('id_orgstructure_tcr_gendirassistant', 'id_orgstructure_tcr_gendir_assistants');
INSERT INTO cmf_org_structure_child_to_parents (child_id, parent_id) VALUES ('id_orgstructure_tcr_gendirassistant', 'id_orgstructure_tcr_gendirassistant');
INSERT INTO cmf_org_structure_child_to_parents (child_id, parent_id) VALUES ('id_orgstructure_tcr_shipnevskaya', 'id_orgstructure_tcr_legal_expertise_department');
INSERT INTO cmf_org_structure_child_to_parents (child_id, parent_id) VALUES ('id_orgstructure_tcr_shipnevskaya', 'id_orgstructure_tcr_transcapitalrazvitie');
INSERT INTO cmf_org_structure_child_to_parents (child_id, parent_id) VALUES ('id_orgstructure_tcr_shipnevskaya', 'id_orgstructure_tcr_shipnevskaya');
INSERT INTO cmf_org_structure_child_to_parents (child_id, parent_id) VALUES ('id_orgstructure_tcr_shipnevskaya', 'id_orgstructure_tcr_legal_department');
INSERT INTO cmf_org_structure_child_to_parents (child_id, parent_id) VALUES ('id_orgstructure_tcr_shipnevskaya', 'id_orgstructure_tcr_lawyer');
INSERT INTO cmf_org_structure_child_to_parents (child_id, parent_id) VALUES ('id_orgstructure_tcr_it_provision_department', 'id_orgstructure_tcr_transcapitalrazvitie');
INSERT INTO cmf_org_structure_child_to_parents (child_id, parent_id) VALUES ('id_orgstructure_tcr_it_provision_department', 'id_orgstructure_tcr_it_department');
INSERT INTO cmf_org_structure_child_to_parents (child_id, parent_id) VALUES ('id_orgstructure_tcr_it_provision_department', 'id_orgstructure_tcr_it_provision_department');
INSERT INTO cmf_org_structure_child_to_parents (child_id, parent_id) VALUES ('id_orgstructure_tcr_belov', 'id_orgstructure_tcr_headofdepartment3');
INSERT INTO cmf_org_structure_child_to_parents (child_id, parent_id) VALUES ('id_orgstructure_tcr_belov', 'id_orgstructure_tcr_transcapitalrazvitie');
INSERT INTO cmf_org_structure_child_to_parents (child_id, parent_id) VALUES ('id_orgstructure_tcr_belov', 'id_orgstructure_tcr_it_department');
INSERT INTO cmf_org_structure_child_to_parents (child_id, parent_id) VALUES ('id_orgstructure_tcr_belov', 'id_orgstructure_tcr_belov');
INSERT INTO cmf_org_structure_child_to_parents (child_id, parent_id) VALUES ('id_orgstructure_tcr_turov', 'id_orgstructure_tcr_transcapitalrazvitie');
INSERT INTO cmf_org_structure_child_to_parents (child_id, parent_id) VALUES ('id_orgstructure_tcr_turov', 'id_orgstructure_tcr_headspecialist1');
INSERT INTO cmf_org_structure_child_to_parents (child_id, parent_id) VALUES ('id_orgstructure_tcr_turov', 'id_orgstructure_tcr_corporate_management_department');
INSERT INTO cmf_org_structure_child_to_parents (child_id, parent_id) VALUES ('id_orgstructure_tcr_turov', 'id_orgstructure_tcr_turov');
INSERT INTO cmf_org_structure_child_to_parents (child_id, parent_id) VALUES ('id_orgstructure_tcr_turov', 'id_orgstructure_tcr_corporate_politics_department');
INSERT INTO cmf_org_structure_child_to_parents (child_id, parent_id) VALUES ('id_orgstructure_tcr_expert2', 'id_orgstructure_tcr_it_security_department');
INSERT INTO cmf_org_structure_child_to_parents (child_id, parent_id) VALUES ('id_orgstructure_tcr_expert2', 'id_orgstructure_tcr_transcapitalrazvitie');
INSERT INTO cmf_org_structure_child_to_parents (child_id, parent_id) VALUES ('id_orgstructure_tcr_expert2', 'id_orgstructure_tcr_economical_security_department');
INSERT INTO cmf_org_structure_child_to_parents (child_id, parent_id) VALUES ('id_orgstructure_tcr_expert2', 'id_orgstructure_tcr_expert2');
INSERT INTO cmf_org_structure_child_to_parents (child_id, parent_id) VALUES ('id_orgstructure_tcr_business_security_department', 'id_orgstructure_tcr_transcapitalrazvitie');
INSERT INTO cmf_org_structure_child_to_parents (child_id, parent_id) VALUES ('id_orgstructure_tcr_business_security_department', 'id_orgstructure_tcr_economical_security_department');
INSERT INTO cmf_org_structure_child_to_parents (child_id, parent_id) VALUES ('id_orgstructure_tcr_business_security_department', 'id_orgstructure_tcr_business_security_department');
INSERT INTO cmf_org_structure_child_to_parents (child_id, parent_id) VALUES ('id_orgstructure_tcr_legal_department', 'id_orgstructure_tcr_transcapitalrazvitie');
INSERT INTO cmf_org_structure_child_to_parents (child_id, parent_id) VALUES ('id_orgstructure_tcr_legal_department', 'id_orgstructure_tcr_legal_department');
INSERT INTO cmf_org_structure_child_to_parents (child_id, parent_id) VALUES ('id_orgstructure_tcr_zaicev', 'id_orgstructure_tcr_secretaryreferent');
INSERT INTO cmf_org_structure_child_to_parents (child_id, parent_id) VALUES ('id_orgstructure_tcr_zaicev', 'id_orgstructure_tcr_transcapitalrazvitie');
INSERT INTO cmf_org_structure_child_to_parents (child_id, parent_id) VALUES ('id_orgstructure_tcr_zaicev', 'id_orgstructure_tcr_secretary_department');
INSERT INTO cmf_org_structure_child_to_parents (child_id, parent_id) VALUES ('id_orgstructure_tcr_zaicev', 'id_orgstructure_tcr_gendir_assistants');
INSERT INTO cmf_org_structure_child_to_parents (child_id, parent_id) VALUES ('id_orgstructure_tcr_zaicev', 'id_orgstructure_tcr_zaicev');
INSERT INTO cmf_org_structure_child_to_parents (child_id, parent_id) VALUES ('id_orgstructure_tcr_corporate_politics_department', 'id_orgstructure_tcr_transcapitalrazvitie');
INSERT INTO cmf_org_structure_child_to_parents (child_id, parent_id) VALUES ('id_orgstructure_tcr_corporate_politics_department', 'id_orgstructure_tcr_corporate_politics_department');
INSERT INTO cmf_org_structure_child_to_parents (child_id, parent_id) VALUES ('id_orgstructure_tcr_asset_management_department', 'id_orgstructure_tcr_transcapitalrazvitie');
INSERT INTO cmf_org_structure_child_to_parents (child_id, parent_id) VALUES ('id_orgstructure_tcr_asset_management_department', 'id_orgstructure_tcr_corporate_politics_department');
INSERT INTO cmf_org_structure_child_to_parents (child_id, parent_id) VALUES ('id_orgstructure_tcr_asset_management_department', 'id_orgstructure_tcr_asset_management_department');
INSERT INTO cmf_org_structure_child_to_parents (child_id, parent_id) VALUES ('id_orgstructure_tcr_chernov', 'id_orgstructure_tcr_transcapitalrazvitie');
INSERT INTO cmf_org_structure_child_to_parents (child_id, parent_id) VALUES ('id_orgstructure_tcr_chernov', 'id_orgstructure_tcr_headspecialist4');
INSERT INTO cmf_org_structure_child_to_parents (child_id, parent_id) VALUES ('id_orgstructure_tcr_chernov', 'id_orgstructure_tcr_economical_security_department');
INSERT INTO cmf_org_structure_child_to_parents (child_id, parent_id) VALUES ('id_orgstructure_tcr_chernov', 'id_orgstructure_tcr_business_security_department');
INSERT INTO cmf_org_structure_child_to_parents (child_id, parent_id) VALUES ('id_orgstructure_tcr_chernov', 'id_orgstructure_tcr_chernov');
INSERT INTO cmf_org_structure_child_to_parents (child_id, parent_id) VALUES ('id_orgstructure_tcr_headofunit6', 'id_orgstructure_tcr_transcapitalrazvitie');
INSERT INTO cmf_org_structure_child_to_parents (child_id, parent_id) VALUES ('id_orgstructure_tcr_headofunit6', 'id_orgstructure_tcr_it_department');
INSERT INTO cmf_org_structure_child_to_parents (child_id, parent_id) VALUES ('id_orgstructure_tcr_headofunit6', 'id_orgstructure_tcr_rnd_department');
INSERT INTO cmf_org_structure_child_to_parents (child_id, parent_id) VALUES ('id_orgstructure_tcr_headofunit6', 'id_orgstructure_tcr_headofunit6');
INSERT INTO cmf_org_structure_child_to_parents (child_id, parent_id) VALUES ('id_orgstructure_tcr_lawyer', 'id_orgstructure_tcr_legal_expertise_department');
INSERT INTO cmf_org_structure_child_to_parents (child_id, parent_id) VALUES ('id_orgstructure_tcr_lawyer', 'id_orgstructure_tcr_transcapitalrazvitie');
INSERT INTO cmf_org_structure_child_to_parents (child_id, parent_id) VALUES ('id_orgstructure_tcr_lawyer', 'id_orgstructure_tcr_legal_department');
INSERT INTO cmf_org_structure_child_to_parents (child_id, parent_id) VALUES ('id_orgstructure_tcr_lawyer', 'id_orgstructure_tcr_lawyer');
INSERT INTO cmf_org_structure_child_to_parents (child_id, parent_id) VALUES ('id_orgstructure_tcr_specialist2', 'id_orgstructure_tcr_transcapitalrazvitie');
INSERT INTO cmf_org_structure_child_to_parents (child_id, parent_id) VALUES ('id_orgstructure_tcr_specialist2', 'id_orgstructure_tcr_corporate_politics_department');
INSERT INTO cmf_org_structure_child_to_parents (child_id, parent_id) VALUES ('id_orgstructure_tcr_specialist2', 'id_orgstructure_tcr_asset_management_department');
INSERT INTO cmf_org_structure_child_to_parents (child_id, parent_id) VALUES ('id_orgstructure_tcr_specialist2', 'id_orgstructure_tcr_specialist2');
