-- Скрипт по назначению в роли.
-- Здесь же производится и создание всех необходимых для этого объектов.

insert into cmf_accessors_group (id, name, ts) values ('id_AccessorsGroup_documentProjectCreator_ooorik_typeWarrantDocument', 'role#documentProjectCreator#id_org_structure_ooorik#id_documentType_warrantDocument', 1);
insert into cmf_accessors_group (id, name, ts) values ('id_AccessorsGroup_documentProjectCreator_ooorik_subtypeWarrantDocument', 'role#documentProjectCreator#id_org_structure_ooorik#id_documentSubType_warrantDocument', 1);
--insert into cmf_accessors_group_item (id, group_id, accessor_id, accessor_type, ts) values ('id_AccessorsGroupItem_documentProjectCreator_ooorik_subtypeWarrantDocument_typeWarrantDocument', 'id_AccessorsGroup_documentProjectCreator_ooorik_subtypeWarrantDocument', 'id_AccessorsGroup_documentProjectCreator_ooorik_typeWarrantDocument', 'AccessorsGroup', 1);
--insert into cmf_accessors_group_item (id, group_id, accessor_id, accessor_type, ts) values ('id_AccessorsGroupItem_documentProjectCreator_ooorik_typeWarrantDocument_ivanov', 'id_AccessorsGroup_documentProjectCreator_ooorik_typeWarrantDocument', 'id_org_structure_ivanov', 'EmployeePosition', 1);
--insert into cmf_accessors_group_item (id, group_id, accessor_id, accessor_type, ts) values ('id_AccessorsGroupItem_documentProjectCreator_ooorik_subtypeWarrantDocument_petrov', 'id_AccessorsGroup_documentProjectCreator_ooorik_subtypeWarrantDocument', 'id_org_structure_petrov', 'EmployeePosition', 1);
--insert into cmf_accessors_group_item (id, group_id, accessor_id, accessor_type, ts) values ('id_AccessorsGroupItem_documentProjectCreator_ooorik_typeWarrantDocument_kirillovaLL', 'id_AccessorsGroup_documentProjectCreator_ooorik_typeWarrantDocument', 'id_orgstructure_tcr_kirillova2', 'EmployeePosition', 1);
--insert into cmf_accessor_container_info (child_id, parent_id) values ('id_AccessorsGroup_documentProjectCreator_ooorik_typeWarrantDocument', 'id_AccessorsGroup_documentProjectCreator_ooorik_subtypeWarrantDocument');
--insert into cmf_accessor_container_info (child_id, parent_id) values ('id_org_structure_ivanov', 'id_AccessorsGroup_documentProjectCreator_ooorik_typeWarrantDocument');
--insert into cmf_accessor_container_info (child_id, parent_id) values ('id_orgstructure_tcr_kirillova2', 'id_AccessorsGroup_documentProjectCreator_ooorik_typeWarrantDocument');
--insert into cmf_accessor_container_info (child_id, parent_id) values ('id_org_structure_ivanov', 'id_AccessorsGroup_documentProjectCreator_ooorik_subtypeWarrantDocument');
--insert into cmf_accessor_container_info (child_id, parent_id) values ('id_org_structure_petrov', 'id_AccessorsGroup_documentProjectCreator_ooorik_subtypeWarrantDocument');
--insert into cmf_accessor_container_info (child_id, parent_id) values ('id_orgstructure_tcr_kirillova2', 'id_AccessorsGroup_documentProjectCreator_ooorik_subtypeWarrantDocument');

insert into cmf_accessors_group (id, name, ts) values ('id_AccessorsGroup_documentProjectCreator_transcapitalrazvitie_typeWarrantDocument', 'role#documentProjectCreator#id_orgstructure_tcr_transcapitalrazvitie#id_documentType_warrantDocument', 1);
insert into cmf_accessors_group (id, name, ts) values ('id_AccessorsGroup_documentProjectCreator_transcapitalrazvitie_subtypeWarrantDocument', 'role#documentProjectCreator#id_orgstructure_tcr_transcapitalrazvitie#id_documentSubType_warrantDocument', 1);
--insert into cmf_accessors_group_item (id, group_id, accessor_id, accessor_type, ts) values ('id_AccessorsGroupItem_documentProjectCreator_transcapitalrazvitie_subtypeWarrantDocument_typeWarrantDocument', 'id_AccessorsGroup_documentProjectCreator_transcapitalrazvitie_subtypeWarrantDocument', 'id_AccessorsGroup_documentProjectCreator_transcapitalrazvitie_typeWarrantDocument', 'AccessorsGroup', 1);
--insert into cmf_accessors_group_item (id, group_id, accessor_id, accessor_type, ts) values ('id_AccessorsGroup_documentProjectCreator_transcapitalrazvitie_typeWarrantDocument_ivanov', 'id_AccessorsGroup_documentProjectCreator_transcapitalrazvitie_typeWarrantDocument', 'id_org_structure_ivanov', 'EmployeePosition', 1);
--insert into cmf_accessors_group_item (id, group_id, accessor_id, accessor_type, ts) values ('id_AccessorsGroup_documentProjectCreator_transcapitalrazvitie_subtypeWarrantDocument_petrov', 'id_AccessorsGroup_documentProjectCreator_transcapitalrazvitie_subtypeWarrantDocument', 'id_org_structure_petrov', 'EmployeePosition', 1);
--insert into cmf_accessors_group_item (id, group_id, accessor_id, accessor_type, ts) values ('id_AccessorsGroup_documentProjectCreator_transcapitalrazvitie_typeWarrantDocument_kirillovaLL', 'id_AccessorsGroup_documentProjectCreator_transcapitalrazvitie_typeWarrantDocument', 'id_orgstructure_tcr_kirillova2', 'EmployeePosition', 1);
--insert into cmf_accessor_container_info (child_id, parent_id) values ('id_AccessorsGroup_documentProjectCreator_transcapitalrazvitie_typeWarrantDocument', 'id_AccessorsGroup_documentProjectCreator_transcapitalrazvitie_subtypeWarrantDocument');
--insert into cmf_accessor_container_info (child_id, parent_id) values ('id_org_structure_ivanov', 'id_AccessorsGroup_documentProjectCreator_transcapitalrazvitie_typeWarrantDocument');
--insert into cmf_accessor_container_info (child_id, parent_id) values ('id_orgstructure_tcr_kirillova2', 'id_AccessorsGroup_documentProjectCreator_transcapitalrazvitie_typeWarrantDocument');
--insert into cmf_accessor_container_info (child_id, parent_id) values ('id_org_structure_ivanov', 'id_AccessorsGroup_documentProjectCreator_transcapitalrazvitie_subtypeWarrantDocument');
--insert into cmf_accessor_container_info (child_id, parent_id) values ('id_org_structure_petrov', 'id_AccessorsGroup_documentProjectCreator_transcapitalrazvitie_subtypeWarrantDocument');
--insert into cmf_accessor_container_info (child_id, parent_id) values ('id_orgstructure_tcr_kirillova2', 'id_AccessorsGroup_documentProjectCreator_transcapitalrazvitie_subtypeWarrantDocument');
